	CliqueID	CliqueMember	CliqueSize	PUFPercentage
0	0	['3253', '3258']	2	1.0
1	1	['3253', '3270']	2	1.0
2	2	['1200']	1	0.0
3	3	['344', '346']	2	1.0
4	4	['344', '1542']	2	1.0
5	5	['345', '2908']	2	0.5
6	6	['345', '1772']	2	1.0
7	7	['346', '339']	2	1.0
8	8	['346', '267']	2	1.0
9	9	['347', '268']	2	1.0
10	10	['340']	1	1.0
11	11	['341', '3097']	2	0.5
12	12	['342']	1	0.0
13	13	['343']	1	1.0
14	14	['2918']	1	0.0
15	15	['348']	1	0.0
16	16	['349']	1	1.0
17	17	['2919']	1	0.0
18	18	['585']	1	0.0
19	19	['2318']	1	0.0
20	20	['2319']	1	0.0
21	21	['2316']	1	0.0
22	22	['2317']	1	0.0
23	23	['2314', '1444']	2	0.5
24	24	['2315']	1	0.0
25	25	['2312', '2239']	2	0.5
26	26	['2312', '2310']	2	1.0
27	27	['2312', '473', '252']	3	0.666666666667
28	28	['2312', '62']	2	0.5
29	29	['2312', '3191']	2	0.5
30	30	['2312', '1900']	2	0.5
31	31	['2313', '2521', '2519']	3	0.333333333333
32	32	['2311', '2308']	2	0.5
33	33	['2311', '526']	2	0.5
34	34	['298', '1305', '642']	3	0.666666666667
35	35	['298', '408']	2	0.0
36	36	['299']	1	0.0
37	37	['296']	1	1.0
38	38	['297']	1	1.0
39	39	['294']	1	1.0
40	40	['295', '451']	2	1.0
41	41	['292']	1	0.0
42	42	['293']	1	1.0
43	43	['290']	1	1.0
44	44	['291', '100']	2	0.5
45	45	['270']	1	1.0
46	46	['271', '856', '1256', '1189', '264']	5	0.4
47	47	['271', '260']	2	1.0
48	48	['271', '276']	2	1.0
49	49	['272']	1	1.0
50	50	['273', '275']	2	1.0
51	51	['273', '203']	2	1.0
52	52	['273', '1280', '190']	3	0.333333333333
53	53	['273', '276']	2	1.0
54	54	['273', '552']	2	0.5
55	55	['274', '590']	2	0.5
56	56	['274', '1127']	2	0.5
57	57	['274', '2307']	2	1.0
58	58	['274', '244', '178']	3	1.0
59	59	['276', '2467']	2	1.0
60	60	['276', '1959']	2	1.0
61	61	['276', '2520', '175']	3	0.666666666667
62	62	['276', '2822']	2	1.0
63	63	['277', '59']	2	1.0
64	64	['277', '224']	2	1.0
65	65	['277', '645']	2	0.5
66	66	['277', '552']	2	0.5
67	67	['277', '206']	2	1.0
68	68	['278', '76', '1254', '41']	4	0.75
69	69	['279', '448']	2	0.5
70	70	['3211']	1	1.0
71	71	['2268']	1	0.0
72	72	['2269']	1	0.0
73	73	['2262']	1	0.0
74	74	['2263']	1	0.0
75	75	['2260', '2199']	2	0.0
76	76	['2260', '187', '147']	3	0.333333333333
77	77	['2261']	1	0.0
78	78	['2266']	1	0.0
79	79	['2267']	1	0.0
80	80	['2264', '887']	2	1.0
81	81	['2265']	1	0.0
82	82	['2442', '2422', '1566']	3	1.0
83	83	['2443', '516']	2	0.0
84	84	['2440', '2308']	2	0.0
85	85	['2441']	1	0.0
86	86	['2446', '1269']	2	0.0
87	87	['2446', '2469']	2	0.0
88	88	['2446', '2444', '2407', '2394']	4	0.5
89	89	['2446', '1254']	2	0.0
90	90	['2447', '1866']	2	0.0
91	91	['2444', '2432']	2	0.5
92	92	['2444', '2394', '656', '584']	4	0.75
93	93	['2444', '2394', '656', '2409', '3', '3279']	6	0.333333333333
94	94	['2444', '1412']	2	0.5
95	95	['2444', '1510', '584']	3	0.666666666667
96	96	['2445']	1	0.0
97	97	['2448']	1	1.0
98	98	['2449']	1	1.0
99	99	['2189']	1	0.0
100	100	['108']	1	1.0
101	101	['109', '2015', '59', '125']	4	0.5
102	102	['102', '2922']	2	0.5
103	103	['102', '1828']	2	0.0
104	104	['102', '1870']	2	0.5
105	105	['102', '1796']	2	0.5
106	106	['103']	1	0.0
107	107	['101']	1	0.0
108	108	['106', '145']	2	0.5
109	109	['106', '107']	2	1.0
110	110	['107', '221', '1115']	3	0.666666666667
111	111	['107', '2642']	2	1.0
112	112	['107', '2924', '3333']	3	0.666666666667
113	113	['107', '254']	2	1.0
114	114	['104', '2907']	2	0.0
115	115	['104', '2023']	2	0.0
116	116	['105']	1	0.0
117	117	['2046']	1	0.0
118	118	['2047', '2068']	2	0.5
119	119	['2044']	1	0.0
120	120	['2045']	1	0.0
121	121	['2042']	1	0.0
122	122	['2043']	1	0.0
123	123	['2040']	1	0.0
124	124	['2041']	1	1.0
125	125	['3198']	1	0.0
126	126	['2048']	1	1.0
127	127	['2049']	1	1.0
128	128	['3155']	1	0.0
129	129	['3154', '3004']	2	1.0
130	130	['2836']	1	1.0
131	131	['3159']	1	0.0
132	132	['3158']	1	0.0
133	133	['3239', '3237']	2	1.0
134	134	['3239', '552']	2	0.5
135	135	['2688']	1	0.0
136	136	['2689']	1	0.0
137	137	['2684']	1	0.0
138	138	['2685']	1	0.0
139	139	['2686']	1	0.0
140	140	['2687']	1	0.0
141	141	['2680']	1	1.0
142	142	['2681']	1	1.0
143	143	['2682']	1	1.0
144	144	['2683', '2295']	2	0.5
145	145	['99']	1	0.0
146	146	['98']	1	1.0
147	147	['91']	1	1.0
148	148	['90']	1	1.0
149	149	['93', '600']	2	0.0
150	150	['92']	1	1.0
151	151	['95', '16', '18']	3	0.333333333333
152	152	['95', '2878', '1238', '52']	4	0.5
153	153	['95', '540', '326']	3	0.666666666667
154	154	['95', '131']	2	1.0
155	155	['95', '94']	2	1.0
156	156	['94', '86']	2	1.0
157	157	['97']	1	1.0
158	158	['96', '3056']	2	0.5
159	159	['96', '1860']	2	1.0
160	160	['3207', '2936']	2	0.5
161	161	['3207', '268']	2	1.0
162	162	['3207', '1363']	2	0.5
163	163	['3206']	1	1.0
164	164	['3205', '1323']	2	0.0
165	165	['3205', '2571']	2	0.0
166	166	['1620']	1	0.0
167	167	['3203']	1	0.0
168	168	['1626', '2471']	2	0.0
169	169	['1625', '252']	2	1.0
170	170	['1625', '1627']	2	1.0
171	171	['1625', '1643']	2	1.0
172	172	['1624']	1	0.0
173	173	['1999']	1	1.0
174	174	['1998']	1	0.0
175	175	['1629', '1441']	2	0.0
176	176	['1628']	1	0.0
177	177	['3209']	1	0.0
178	178	['3208']	1	0.0
179	179	['2860']	1	0.0
180	180	['2861']	1	0.0
181	181	['2862']	1	1.0
182	182	['2863']	1	0.0
183	183	['559']	1	0.0
184	184	['558']	1	0.0
185	185	['2866']	1	1.0
186	186	['2867']	1	1.0
187	187	['555']	1	1.0
188	188	['554', '253']	2	1.0
189	189	['554', '2899']	2	1.0
190	190	['554', '3242']	2	1.0
191	191	['557', '26']	2	0.0
192	192	['557', '198', '18', '1489', '499']	5	0.4
193	193	['557', '198', '497']	3	0.333333333333
194	194	['556', '942']	2	0.0
195	195	['556', '673']	2	0.0
196	196	['551']	1	1.0
197	197	['550']	1	0.0
198	198	['553']	1	0.0
199	199	['552', '1082']	2	0.5
200	200	['1199']	1	0.0
201	201	['1198', '1230']	2	0.5
202	202	['1198', '112']	2	0.0
203	203	['1191']	1	1.0
204	204	['1190']	1	0.0
205	205	['1193']	1	0.0
206	206	['1192']	1	0.0
207	207	['1195']	1	0.0
208	208	['1194']	1	0.0
209	209	['1197', '1238', '1240', '1237', '1230']	5	0.8
210	210	['1197', '3280']	2	0.0
211	211	['1196']	1	0.0
212	212	['1759', '1763']	2	1.0
213	213	['1759', '1760', '188']	3	0.666666666667
214	214	['1758', '2634']	2	0.5
215	215	['1757', '907']	2	0.5
216	216	['1756']	1	0.0
217	217	['1755', '1249']	2	0.5
218	218	['1755', '2026']	2	0.5
219	219	['1754', '1623']	2	0.5
220	220	['1753']	1	0.0
221	221	['1752']	1	1.0
222	222	['1751', '2745']	2	0.5
223	223	['1750']	1	0.0
224	224	['1177', '1173']	2	1.0
225	225	['1176']	1	1.0
226	226	['1175']	1	1.0
227	227	['1174']	1	1.0
228	228	['1173', '1184']	2	1.0
229	229	['1173', '1031']	2	0.5
230	230	['1172']	1	0.0
231	231	['1171']	1	1.0
232	232	['1170']	1	0.0
233	233	['1179']	1	1.0
234	234	['1178']	1	0.0
235	235	['511', '207']	2	0.5
236	236	['510', '244', '666']	3	0.333333333333
237	237	['513', '590', '55', '2367', '38', '3068']	6	0.333333333333
238	238	['513', '648']	2	0.0
239	239	['513', '2469', '2410']	3	0.0
240	240	['1285', '3289']	2	1.0
241	241	['1284', '2640', '2641', '231']	4	0.5
242	242	['1284', '253']	2	0.5
243	243	['1287']	1	1.0
244	244	['1286', '1124']	2	0.5
245	245	['1281', '1292']	2	1.0
246	246	['1281', '1311']	2	0.5
247	247	['1280', '209', '1111', '675', '2176', '190', '43']	7	0.142857142857
248	248	['1280', '3157']	2	0.0
249	249	['1283', '1051']	2	0.5
250	250	['1283', '2881']	2	0.0
251	251	['1282']	1	0.0
252	252	['1003', '1021']	2	1.0
253	253	['1289', '2195']	2	1.0
254	254	['1288']	1	1.0
255	255	['514']	1	0.0
256	256	['1579']	1	1.0
257	257	['1578']	1	0.0
258	258	['689']	1	0.0
259	259	['688', '319']	2	0.0
260	260	['685']	1	0.0
261	261	['684', '2859']	2	0.0
262	262	['684', '2869']	2	0.0
263	263	['687']	1	0.0
264	264	['686']	1	0.0
265	265	['681']	1	0.0
266	266	['680', '731', '2163']	3	0.333333333333
267	267	['680', '2114']	2	0.0
268	268	['683']	1	0.0
269	269	['682', '235', '1632', '178']	4	0.5
270	270	['1227', '3056']	2	0.0
271	271	['1227', '317']	2	0.0
272	272	['1226']	1	0.0
273	273	['621']	1	0.0
274	274	['873']	1	0.0
275	275	['1224']	1	1.0
276	276	['1223']	1	0.0
277	277	['2741']	1	0.0
278	278	['1221']	1	1.0
279	279	['2740', '1781']	2	0.0
280	280	['2740', '2742', '1775', '1776', '1779', '1785', '825', '2170', '2167', '2801', '822']	11	0.0909090909091
281	281	['2740', '2742', '2811']	3	0.0
282	282	['1220']	1	0.0
283	283	['2743']	1	0.0
284	284	['407']	1	1.0
285	285	['1370']	1	1.0
286	286	['405']	1	1.0
287	287	['404']	1	1.0
288	288	['1375']	1	0.0
289	289	['1374']	1	0.0
290	290	['1377']	1	0.0
291	291	['400']	1	1.0
292	292	['1379']	1	0.0
293	293	['1378']	1	0.0
294	294	['1342', '519']	2	0.0
295	295	['1342', '1320']	2	0.5
296	296	['1342', '1329']	2	0.5
297	297	['409', '993']	2	1.0
298	298	['408', '888']	2	0.5
299	299	['1343']	1	1.0
300	300	['2747']	1	0.0
301	301	['454', '421', '456']	3	0.333333333333
302	302	['454', '443']	2	1.0
303	303	['454', '1937']	2	0.5
304	304	['2746']	1	0.0
305	305	['455', '3078']	2	0.5
306	306	['2749']	1	0.0
307	307	['1346']	1	1.0
308	308	['2748', '2776']	2	0.0
309	309	['1347']	1	0.0
310	310	['379', '202']	2	0.5
311	311	['379', '204', '1893']	3	0.0
312	312	['378', '373', '372', '377']	4	0.75
313	313	['3194']	1	1.0
314	314	['371']	1	0.0
315	315	['370']	1	1.0
316	316	['373', '417', '372']	3	0.666666666667
317	317	['373', '377', '375', '374']	4	0.75
318	318	['372', '458', '377']	3	1.0
319	319	['374', '376']	2	1.0
320	320	['3093']	1	0.0
321	321	['393']	1	0.0
322	322	['392']	1	0.0
323	323	['391']	1	0.0
324	324	['390']	1	1.0
325	325	['397']	1	0.0
326	326	['396']	1	0.0
327	327	['395']	1	0.0
328	328	['394']	1	0.0
329	329	['399']	1	1.0
330	330	['398']	1	1.0
331	331	['2309']	1	0.0
332	332	['2301']	1	1.0
333	333	['2300']	1	0.0
334	334	['2303', '2871', '2831']	3	0.0
335	335	['2302']	1	1.0
336	336	['2305', '2640']	2	0.5
337	337	['2305', '2870']	2	0.5
338	338	['2305', '1669']	2	0.0
339	339	['2304']	1	0.0
340	340	['2307', '887']	2	1.0
341	341	['2306']	1	1.0
342	342	['245', '2364']	2	1.0
343	343	['245', '834']	2	0.5
344	344	['247']	1	1.0
345	345	['246']	1	1.0
346	346	['241', '1798']	2	0.5
347	347	['241', '2716', '198']	3	0.666666666667
348	348	['241', '207', '1038', '469']	4	0.5
349	349	['241', '266', '242']	3	1.0
350	350	['241', '487']	2	0.5
351	351	['241', '496']	2	0.5
352	352	['240', '1203']	2	0.5
353	353	['243', '735']	2	1.0
354	354	['243', '3278']	2	1.0
355	355	['242', '32']	2	0.5
356	356	['242', '1649']	2	0.5
357	357	['242', '2502']	2	0.5
358	358	['249', '230']	2	0.5
359	359	['249', '1864']	2	0.5
360	360	['249', '2039']	2	0.0
361	361	['248', '200']	2	1.0
362	362	['248', '1896']	2	0.5
363	363	['248', '628']	2	0.5
364	364	['2275']	1	0.0
365	365	['2274']	1	0.0
366	366	['2277']	1	1.0
367	367	['2276']	1	1.0
368	368	['2271', '209', '1800']	3	0.666666666667
369	369	['2270']	1	1.0
370	370	['2273']	1	0.0
371	371	['2272', '2910']	2	0.5
372	372	['2272', '62', '2822']	3	0.666666666667
373	373	['2272', '1167']	2	1.0
374	374	['2404', '32']	2	0.5
375	375	['2404', '2968']	2	1.0
376	376	['2404', '2416']	2	0.5
377	377	['2279']	1	0.0
378	378	['2278']	1	0.0
379	379	['2337']	1	0.0
380	380	['2459']	1	0.0
381	381	['2458']	1	0.0
382	382	['2455', '2407']	2	0.5
383	383	['2454']	1	0.0
384	384	['2457', '2463']	2	0.0
385	385	['2456', '1929']	2	0.5
386	386	['2456', '2780']	2	0.5
387	387	['2451']	1	0.0
388	388	['2450']	1	1.0
389	389	['2453']	1	0.0
390	390	['2452', '475']	2	0.0
391	391	['179']	1	1.0
392	392	['178', '1115']	2	0.5
393	393	['177']	1	0.0
394	394	['176']	1	1.0
395	395	['174', '2238']	2	0.0
396	396	['174', '2285', '3109', '17']	4	0.5
397	397	['173']	1	0.0
398	398	['172', '83']	2	1.0
399	399	['171']	1	1.0
400	400	['170']	1	0.0
401	401	['2051']	1	0.0
402	402	['2050']	1	0.0
403	403	['2053']	1	0.0
404	404	['2052']	1	1.0
405	405	['2055', '236']	2	1.0
406	406	['2054', '2071']	2	1.0
407	407	['2054', '2738']	2	0.5
408	408	['2054', '2838']	2	0.5
409	409	['2057']	1	0.0
410	410	['2056']	1	0.0
411	411	['2059']	1	0.0
412	412	['2058']	1	0.0
413	413	['1500']	1	0.0
414	414	['1501']	1	0.0
415	415	['652', '715']	2	0.5
416	416	['653', '741']	2	0.0
417	417	['1367']	1	1.0
418	418	['1504']	1	1.0
419	419	['1505', '1474']	2	1.0
420	420	['3087']	1	1.0
421	421	['3086', '121']	2	0.5
422	422	['1601', '1521']	2	1.0
423	423	['3083']	1	0.0
424	424	['2699']	1	1.0
425	425	['1976']	1	0.0
426	426	['2697']	1	0.0
427	427	['2696']	1	1.0
428	428	['2695']	1	0.0
429	429	['2694']	1	1.0
430	430	['2693']	1	0.0
431	431	['1975']	1	0.0
432	432	['2691']	1	0.0
433	433	['2690']	1	1.0
434	434	['1974', '1895']	2	0.0
435	435	['1973', '1887']	2	0.0
436	436	['1973', '611']	2	0.0
437	437	['1973', '2984']	2	0.5
438	438	['1973', '1969']	2	0.0
439	439	['1973', '1532']	2	0.0
440	440	['1972']	1	0.0
441	441	['1971', '3129']	2	0.0
442	442	['1970']	1	0.0
443	443	['1362']	1	0.0
444	444	['3232']	1	0.0
445	445	['3233']	1	0.0
446	446	['3230']	1	1.0
447	447	['3231']	1	1.0
448	448	['1968']	1	0.0
449	449	['1618']	1	0.0
450	450	['1619']	1	0.0
451	451	['1616', '209', '200', '1627', '207']	5	1.0
452	452	['1616', '1637']	2	1.0
453	453	['1617']	1	1.0
454	454	['1966', '1894', '606', '1770']	4	0.0
455	455	['1966', '42']	2	0.0
456	456	['1967']	1	0.0
457	457	['1960', '1951']	2	1.0
458	458	['1960', '1915']	2	0.5
459	459	['1613']	1	1.0
460	460	['1610']	1	0.0
461	461	['1611']	1	1.0
462	462	['1985']	1	0.0
463	463	['2873']	1	1.0
464	464	['2872', '2870']	2	1.0
465	465	['2877']	1	0.0
466	466	['2876', '2878']	2	0.0
467	467	['2875']	1	0.0
468	468	['2874']	1	1.0
469	469	['2879']	1	1.0
470	470	['1595']	1	0.0
471	471	['1768', '1771']	2	0.5
472	472	['1769', '1767']	2	1.0
473	473	['1769', '2890']	2	1.0
474	474	['1762']	1	1.0
475	475	['1763', '3153']	2	1.0
476	476	['1763', '1886']	2	0.5
477	477	['1763', '1959']	2	1.0
478	478	['1763', '2660']	2	1.0
479	479	['1763', '2812']	2	0.5
480	480	['1761']	1	1.0
481	481	['1766']	1	0.0
482	482	['1767', '2891']	2	1.0
483	483	['1767', '1383']	2	1.0
484	484	['1764', '3068']	2	0.5
485	485	['1765']	1	0.0
486	486	['1142']	1	1.0
487	487	['1143', '134']	2	0.0
488	488	['1140', '1131']	2	0.5
489	489	['1140', '2795']	2	0.5
490	490	['1141']	1	0.0
491	491	['1146']	1	1.0
492	492	['1147']	1	0.0
493	493	['1144', '1158']	2	0.0
494	494	['1145', '1131']	2	0.5
495	495	['1148']	1	0.0
496	496	['1149']	1	1.0
497	497	['2967']	1	0.0
498	498	['769', '1254']	2	0.0
499	499	['769', '1513']	2	0.0
500	500	['692']	1	0.0
501	501	['693', '2666']	2	0.0
502	502	['693', '1959']	2	0.5
503	503	['1544']	1	0.0
504	504	['1545']	1	0.0
505	505	['696']	1	0.0
506	506	['697', '234']	2	1.0
507	507	['694']	1	0.0
508	508	['695']	1	0.0
509	509	['698', '220']	2	0.5
510	510	['699']	1	0.0
511	511	['1548']	1	1.0
512	512	['1549', '235']	2	1.0
513	513	['542']	1	0.0
514	514	['543', '739', '725']	3	0.0
515	515	['540', '465']	2	0.5
516	516	['541', '2232']	2	0.0
517	517	['541', '611']	2	0.0
518	518	['546', '216']	2	0.5
519	519	['547']	1	1.0
520	520	['544']	1	0.0
521	521	['545']	1	0.0
522	522	['548']	1	0.0
523	523	['549', '519']	2	0.0
524	524	['549', '2410']	2	0.0
525	525	['549', '607']	2	0.0
526	526	['1782']	1	0.0
527	527	['690', '366', '1497']	3	0.666666666667
528	528	['690', '208', '262']	3	0.666666666667
529	529	['690', '214']	2	0.5
530	530	['690', '1031']	2	0.0
531	531	['1783']	1	0.0
532	532	['1784', '1785']	2	0.0
533	533	['1785', '1778']	2	0.0
534	534	['1786', '1777']	2	0.0
535	535	['1787']	1	0.0
536	536	['414']	1	1.0
537	537	['415']	1	0.0
538	538	['416']	1	0.0
539	539	['417', '424']	2	0.0
540	540	['410', '669']	2	0.0
541	541	['411']	1	0.0
542	542	['412']	1	0.0
543	543	['413']	1	1.0
544	544	['1384']	1	0.0
545	545	['1385']	1	0.0
546	546	['1386']	1	0.0
547	547	['1387', '250']	2	1.0
548	548	['1387', '1376']	2	0.5
549	549	['1387', '1393']	2	0.5
550	550	['1387', '1390']	2	1.0
551	551	['418']	1	0.0
552	552	['419']	1	0.0
553	553	['1382', '1376']	2	0.5
554	554	['1383', '1376']	2	0.5
555	555	['1383', '1390']	2	1.0
556	556	['3042', '458']	2	1.0
557	557	['368']	1	1.0
558	558	['369']	1	0.0
559	559	['367']	1	1.0
560	560	['364']	1	1.0
561	561	['365', '40']	2	0.0
562	562	['362']	1	0.0
563	563	['363', '2859', '2396']	3	0.0
564	564	['360', '2895', '2894', '2891', '2893']	5	0.8
565	565	['360', '2897', '2899']	3	0.666666666667
566	566	['361']	1	0.0
567	567	['380']	1	1.0
568	568	['381']	1	0.0
569	569	['382']	1	0.0
570	570	['383']	1	0.0
571	571	['384']	1	1.0
572	572	['385']	1	0.0
573	573	['386']	1	1.0
574	574	['387']	1	1.0
575	575	['388']	1	0.0
576	576	['389']	1	0.0
577	577	['3215']	1	0.0
578	578	['3216']	1	1.0
579	579	['2190', '2382']	2	0.5
580	580	['2191']	1	0.0
581	581	['2192']	1	0.0
582	582	['259', '188', '564']	3	0.666666666667
583	583	['259', '633', '184']	3	0.666666666667
584	584	['259', '2471']	2	0.5
585	585	['259', '3161']	2	0.5
586	586	['2194']	1	1.0
587	587	['2195', '1302']	2	1.0
588	588	['2196']	1	1.0
589	589	['2197']	1	0.0
590	590	['2198']	1	0.0
591	591	['253', '267']	2	1.0
592	592	['253', '2473']	2	0.5
593	593	['250', '3188']	2	0.5
594	594	['251', '1352']	2	1.0
595	595	['251', '1359']	2	1.0
596	596	['256', '731', '206']	3	0.666666666667
597	597	['256', '939']	2	1.0
598	598	['256', '527']	2	0.5
599	599	['257', '2063']	2	0.5
600	600	['257', '2469']	2	0.5
601	601	['2200']	1	0.0
602	602	['2201']	1	0.0
603	603	['2202']	1	0.0
604	604	['2203']	1	0.0
605	605	['2204']	1	0.0
606	606	['2205']	1	0.0
607	607	['2206', '2293']	2	0.5
608	608	['2207', '659']	2	0.5
609	609	['2208']	1	0.0
610	610	['2209']	1	0.0
611	611	['3210']	1	1.0
612	612	['2428']	1	0.0
613	613	['2429']	1	0.0
614	614	['2400']	1	1.0
615	615	['2420']	1	0.0
616	616	['2421', '2435']	2	0.0
617	617	['2422', '2408']	2	0.5
618	618	['2423']	1	0.0
619	619	['2424', '2416']	2	0.0
620	620	['2425']	1	0.0
621	621	['2426']	1	0.0
622	622	['2427']	1	0.0
623	623	['1848', '577', '670']	3	0.333333333333
624	624	['168', '1437']	2	0.5
625	625	['169']	1	1.0
626	626	['164', '1910']	2	0.5
627	627	['164', '162']	2	1.0
628	628	['165']	1	1.0
629	629	['166', '3043']	2	0.5
630	630	['167']	1	0.0
631	631	['160', '1006']	2	0.5
632	632	['161']	1	0.0
633	633	['162', '163']	2	1.0
634	634	['163', '2728']	2	1.0
635	635	['2796', '945']	2	0.0
636	636	['2796', '2821']	2	0.0
637	637	['3212']	1	1.0
638	638	['2518']	1	0.0
639	639	['2514', '1851']	2	0.0
640	640	['2515', '2903']	2	0.0
641	641	['2516']	1	0.0
642	642	['2517', '327']	2	0.5
643	643	['2510']	1	1.0
644	644	['2511']	1	0.0
645	645	['2512']	1	0.0
646	646	['2513']	1	0.0
647	647	['2734']	1	1.0
648	648	['2735']	1	1.0
649	649	['2736']	1	1.0
650	650	['2737']	1	0.0
651	651	['2730']	1	0.0
652	652	['2731']	1	0.0
653	653	['2732']	1	0.0
654	654	['2733', '1441']	2	0.5
655	655	['2738', '1656']	2	0.0
656	656	['2739']	1	0.0
657	657	['2797']	1	0.0
658	658	['3213']	1	1.0
659	659	['678']	1	1.0
660	660	['679', '631']	2	0.0
661	661	['1814']	1	1.0
662	662	['1815']	1	1.0
663	663	['1816', '1818']	2	1.0
664	664	['1817', '1818']	2	1.0
665	665	['1810', '1869', '119', '1983', '23']	5	0.2
666	666	['1811', '1806']	2	0.5
667	667	['1812']	1	0.0
668	668	['1813', '2210']	2	0.0
669	669	['1818', '892']	2	0.5
670	670	['1818', '3173']	2	0.5
671	671	['1819']	1	1.0
672	672	['646']	1	0.0
673	673	['2795', '830']	2	0.5
674	674	['2795', '2834']	2	0.5
675	675	['2795', '2826']	2	1.0
676	676	['671']	1	0.0
677	677	['1609', '2638']	2	1.0
678	678	['1609', '1592', '1597']	3	0.666666666667
679	679	['1609', '1592', '1590']	3	0.333333333333
680	680	['1608']	1	1.0
681	681	['3229']	1	1.0
682	682	['3228', '208']	2	0.5
683	683	['1979']	1	0.0
684	684	['1978', '1706']	2	0.5
685	685	['1978', '765']	2	0.0
686	686	['3225']	1	0.0
687	687	['1600', '1482']	2	0.0
688	688	['1600', '1494']	2	0.0
689	689	['1603']	1	1.0
690	690	['1602']	1	0.0
691	691	['1605']	1	1.0
692	692	['1604']	1	1.0
693	693	['1607']	1	0.0
694	694	['1606']	1	1.0
695	695	['809']	1	0.0
696	696	['808']	1	0.0
697	697	['803']	1	0.0
698	698	['802', '2815']	2	0.5
699	699	['801', '3115']	2	0.0
700	700	['800']	1	0.0
701	701	['807', '577']	2	0.0
702	702	['806']	1	0.0
703	703	['805']	1	0.0
704	704	['804']	1	0.0
705	705	['2848']	1	1.0
706	706	['2849']	1	1.0
707	707	['2846']	1	1.0
708	708	['2847']	1	0.0
709	709	['2844', '2062']	2	0.0
710	710	['2844', '13']	2	0.0
711	711	['2844', '1741']	2	0.0
712	712	['2844', '1401']	2	0.5
713	713	['2844', '3112']	2	0.5
714	714	['2845', '2676']	2	0.0
715	715	['2842', '623']	2	1.0
716	716	['2843']	1	0.0
717	717	['2840']	1	0.0
718	718	['2841']	1	0.0
719	719	['3320']	1	1.0
720	720	['3321']	1	0.0
721	721	['3322']	1	0.0
722	722	['3323']	1	0.0
723	723	['3324']	1	1.0
724	724	['3325']	1	1.0
725	725	['3326']	1	1.0
726	726	['3327']	1	1.0
727	727	['3328']	1	0.0
728	728	['3329']	1	0.0
729	729	['1775', '2834']	2	0.0
730	730	['1775', '230', '859']	3	0.333333333333
731	731	['1774']	1	1.0
732	732	['1770', '1923']	2	0.0
733	733	['1773']	1	1.0
734	734	['1772', '331', '333']	3	0.666666666667
735	735	['1779', '1450']	2	0.0
736	736	['2998', '3034']	2	0.5
737	737	['2998', '122']	2	0.5
738	738	['2998', '3019']	2	0.0
739	739	['2998', '1989']	2	0.0
740	740	['1159']	1	1.0
741	741	['2999', '1865', '2534']	3	0.333333333333
742	742	['1155']	1	1.0
743	743	['1154']	1	0.0
744	744	['1157', '1138']	2	0.0
745	745	['1156']	1	1.0
746	746	['1151']	1	0.0
747	747	['1150']	1	1.0
748	748	['1153', '915']	2	0.5
749	749	['1152']	1	0.0
750	750	['1555']	1	0.0
751	751	['1554']	1	0.0
752	752	['1551', '1209']	2	0.5
753	753	['1550']	1	0.0
754	754	['1553']	1	1.0
755	755	['1552']	1	0.0
756	756	['59', '65']	2	0.5
757	757	['59', '2287']	2	0.5
758	758	['58', '77', '31', '154']	4	0.5
759	759	['58', '32', '75', '130', '42', '135']	6	0.166666666667
760	760	['58', '32', '86']	3	0.333333333333
761	761	['58', '31', '86']	3	0.666666666667
762	762	['58', '137']	2	0.5
763	763	['1557']	1	0.0
764	764	['1556']	1	0.0
765	765	['54', '138']	2	1.0
766	766	['57', '130']	2	0.5
767	767	['56', '115']	2	0.5
768	768	['51']	1	0.0
769	769	['2995', '1820']	2	1.0
770	770	['2995', '1294']	2	0.5
771	771	['53']	1	0.0
772	772	['52', '1304']	2	0.0
773	773	['52', '2910']	2	0.0
774	774	['52', '145', '75']	3	0.333333333333
775	775	['52', '84']	2	0.0
776	776	['536']	1	0.0
777	777	['535']	1	0.0
778	778	['534']	1	1.0
779	779	['533']	1	0.0
780	780	['532']	1	0.0
781	781	['531']	1	0.0
782	782	['530']	1	0.0
783	783	['2992']	1	1.0
784	784	['539', '704']	2	0.0
785	785	['538']	1	0.0
786	786	['2993']	1	1.0
787	787	['1558']	1	0.0
788	788	['2994']	1	1.0
789	789	['50', '63', '131']	3	1.0
790	790	['50', '63', '75']	3	1.0
791	791	['50', '1031']	2	0.5
792	792	['50', '145', '76', '966', '31']	5	0.8
793	793	['50', '145', '75']	3	0.666666666667
794	794	['50', '2324']	2	0.5
795	795	['3294']	1	1.0
796	796	['2996', '3104']	2	0.5
797	797	['2996', '1303']	2	1.0
798	798	['3295', '3296']	2	1.0
799	799	['2997', '2033']	2	0.5
800	800	['3297']	1	1.0
801	801	['3291', '1442']	2	0.0
802	802	['429']	1	0.0
803	803	['428']	1	0.0
804	804	['3292']	1	0.0
805	805	['1399']	1	1.0
806	806	['1398', '1401']	2	1.0
807	807	['1397', '562']	2	0.5
808	808	['420']	1	0.0
809	809	['423', '2460']	2	0.0
810	810	['1394']	1	0.0
811	811	['425']	1	0.0
812	812	['1392']	1	1.0
813	813	['427']	1	0.0
814	814	['426']	1	0.0
815	815	['1680', '2092']	2	0.5
816	816	['1321', '1338']	2	1.0
817	817	['2565', '2587']	2	0.5
818	818	['2565', '2607']	2	1.0
819	819	['2565', '2588']	2	1.0
820	820	['2183']	1	0.0
821	821	['2182', '1959']	2	1.0
822	822	['2181', '1955']	2	1.0
823	823	['2180']	1	0.0
824	824	['2187']	1	1.0
825	825	['2186']	1	0.0
826	826	['229', '563', '1031', '17']	4	0.0
827	827	['228', '1115']	2	0.5
828	828	['227', '2015']	2	0.5
829	829	['226', '2410']	2	0.5
830	830	['226', '1412']	2	0.5
831	831	['225']	1	0.0
832	832	['2188']	1	0.0
833	833	['223', '752']	2	0.5
834	834	['222', '2469']	2	0.5
835	835	['222', '1127']	2	0.5
836	836	['220', '946', '563']	3	0.333333333333
837	837	['220', '239']	2	1.0
838	838	['220', '3160']	2	0.5
839	839	['2213']	1	0.0
840	840	['2212', '1820']	2	0.5
841	841	['2211']	1	0.0
842	842	['2210', '909']	2	0.0
843	843	['2217', '2227']	2	0.0
844	844	['2216', '971']	2	0.5
845	845	['2215']	1	0.0
846	846	['2214']	1	0.0
847	847	['2219']	1	0.0
848	848	['2218']	1	0.0
849	849	['1160']	1	0.0
850	850	['151']	1	0.0
851	851	['150']	1	0.0
852	852	['153']	1	0.0
853	853	['2438']	1	0.0
854	854	['155', '991']	2	0.5
855	855	['157']	1	0.0
856	856	['156']	1	0.0
857	857	['2433', '1834']	2	0.0
858	858	['2432', '1711']	2	0.0
859	859	['2431']	1	0.0
860	860	['2430']	1	0.0
861	861	['2437', '590']	2	0.0
862	862	['2436']	1	0.0
863	863	['2434']	1	0.0
864	864	['2509']	1	1.0
865	865	['2508']	1	0.0
866	866	['2507']	1	0.0
867	867	['2506']	1	0.0
868	868	['2505', '18']	2	0.0
869	869	['2504']	1	0.0
870	870	['2503']	1	0.0
871	871	['2501']	1	0.0
872	872	['2500', '2486']	2	0.0
873	873	['2727', '983']	2	0.5
874	874	['2727', '125']	2	1.0
875	875	['2726', '2729']	2	0.0
876	876	['2726', '488']	2	0.0
877	877	['2725']	1	0.0
878	878	['2724', '1901']	2	0.0
879	879	['2723', '3153']	2	0.5
880	880	['2722', '471']	2	1.0
881	881	['2722', '1415']	2	0.5
882	882	['2721']	1	1.0
883	883	['2720']	1	1.0
884	884	['2728', '1959']	2	1.0
885	885	['1807']	1	1.0
886	886	['1806', '2292']	2	0.5
887	887	['1806', '1821', '1805']	3	0.666666666667
888	888	['1806', '1821', '1802']	3	0.666666666667
889	889	['1804']	1	1.0
890	890	['1803']	1	1.0
891	891	['1801']	1	1.0
892	892	['1809']	1	1.0
893	893	['1808']	1	1.0
894	894	['3088', '3005']	2	0.5
895	895	['3088', '1674']	2	0.5
896	896	['3258', '21']	2	1.0
897	897	['3259']	1	0.0
898	898	['1948', '60']	2	1.0
899	899	['1948', '1895']	2	0.5
900	900	['1949', '2114']	2	0.0
901	901	['1525', '1561']	2	0.0
902	902	['1525', '1415']	2	0.0
903	903	['1525', '446']	2	0.5
904	904	['1942', '2667', '20']	3	1.0
905	905	['1943', '152', '1709']	3	0.333333333333
906	906	['1943', '2026']	2	0.5
907	907	['1943', '2405']	2	0.0
908	908	['1943', '65']	2	0.0
909	909	['1943', '2367']	2	0.5
910	910	['1943', '2393']	2	0.0
911	911	['1940']	1	0.0
912	912	['1941']	1	0.0
913	913	['1946']	1	0.0
914	914	['1947']	1	0.0
915	915	['1944']	1	1.0
916	916	['1945']	1	1.0
917	917	['818']	1	0.0
918	918	['819']	1	1.0
919	919	['1527']	1	0.0
920	920	['810']	1	0.0
921	921	['811']	1	0.0
922	922	['812', '1123']	2	0.0
923	923	['813', '1654']	2	0.5
924	924	['814']	1	0.0
925	925	['815']	1	0.0
926	926	['816', '1955']	2	0.5
927	927	['817']	1	0.0
928	928	['1522']	1	0.0
929	929	['1622']	1	0.0
930	930	['2851']	1	1.0
931	931	['2850', '1734']	2	1.0
932	932	['2853', '203', '987']	3	0.666666666667
933	933	['1523', '2294']	2	0.0
934	934	['2855', '2854']	2	0.5
935	935	['1621']	1	0.0
936	936	['2857']	1	0.0
937	937	['2856']	1	1.0
938	938	['1490']	1	0.0
939	939	['3332', '193']	2	0.5
940	940	['1492', '1537']	2	0.5
941	941	['1492', '1040']	2	0.5
942	942	['1492', '1474']	2	0.5
943	943	['1493']	1	0.0
944	944	['1494', '1497']	2	0.5
945	945	['1495', '893']	2	0.0
946	946	['1496', '1534', '1426']	3	0.0
947	947	['1396']	1	1.0
948	948	['1498']	1	0.0
949	949	['1627', '1636']	2	1.0
950	950	['3339', '126']	2	0.0
951	951	['3338']	1	0.0
952	952	['1395']	1	0.0
953	953	['3202']	1	1.0
954	954	['1700', '1018']	2	1.0
955	955	['1701']	1	1.0
956	956	['1702', '2536']	2	0.5
957	957	['422']	1	0.0
958	958	['1704']	1	0.0
959	959	['1705', '1021']	2	0.5
960	960	['1707']	1	0.0
961	961	['1708']	1	0.0
962	962	['1996']	1	0.0
963	963	['424', '235', '202']	3	0.666666666667
964	964	['1391', '1376']	2	0.5
965	965	['3217']	1	1.0
966	966	['1128']	1	0.0
967	967	['1129']	1	1.0
968	968	['1120', '1119']	2	1.0
969	969	['1120', '835']	2	0.5
970	970	['1121']	1	1.0
971	971	['1122']	1	1.0
972	972	['1123', '1124']	2	0.5
973	973	['1124', '589']	2	0.5
974	974	['1125']	1	0.0
975	975	['1126', '1415']	2	0.5
976	976	['1126', '1474']	2	1.0
977	977	['1127', '584', '17', '501']	4	0.25
978	978	['1127', '2788']	2	0.0
979	979	['2989']	1	1.0
980	980	['2988', '2977']	2	1.0
981	981	['2988', '1134']	2	1.0
982	982	['3029', '1051']	2	0.5
983	983	['3028']	1	0.0
984	984	['3027']	1	0.0
985	985	['2982']	1	1.0
986	986	['2981']	1	1.0
987	987	['2980']	1	1.0
988	988	['2987', '1212']	2	1.0
989	989	['2987', '2977']	2	1.0
990	990	['2986']	1	1.0
991	991	['2985']	1	1.0
992	992	['2984', '528']	2	0.5
993	993	['2984', '2891']	2	1.0
994	994	['524', '215']	2	0.5
995	995	['525', '185']	2	0.5
996	996	['521']	1	0.0
997	997	['522', '501']	2	0.0
998	998	['523']	1	0.0
999	999	['1014']	1	1.0
1000	1000	['1015']	1	1.0
1001	1001	['1016', '209', '991']	3	1.0
1002	1002	['1017', '995']	2	0.5
1003	1003	['528', '37']	2	0.0
1004	1004	['529']	1	0.0
1005	1005	['1012']	1	1.0
1006	1006	['1013', '505']	2	0.5
1007	1007	['1013', '990']	2	0.5
1008	1008	['1013', '1513']	2	0.5
1009	1009	['1234', '1208']	2	0.5
1010	1010	['1235']	1	0.0
1011	1011	['1236']	1	0.0
1012	1012	['1237', '1713']	2	1.0
1013	1013	['1231']	1	0.0
1014	1014	['1232', '899']	2	1.0
1015	1015	['1233']	1	0.0
1016	1016	['1238', '1208']	2	0.5
1017	1017	['1239', '2025']	2	0.0
1018	1018	['1239', '1242']	2	0.0
1019	1019	['1239', '1208']	2	0.0
1020	1020	['438']	1	0.0
1021	1021	['439', '942', '444']	3	0.333333333333
1022	1022	['436']	1	1.0
1023	1023	['437']	1	0.0
1024	1024	['434']	1	0.0
1025	1025	['435']	1	1.0
1026	1026	['432']	1	0.0
1027	1027	['433']	1	0.0
1028	1028	['430']	1	0.0
1029	1029	['431', '2649', '942']	3	0.0
1030	1030	['431', '463']	2	0.5
1031	1031	['431', '3279']	2	0.0
1032	1032	['2864']	1	1.0
1033	1033	['2481', '2477', '218']	3	0.666666666667
1034	1034	['2865']	1	1.0
1035	1035	['2868']	1	0.0
1036	1036	['3162']	1	0.0
1037	1037	['2869', '2666', '656', '2659', '2394', '1031']	6	0.166666666667
1038	1038	['3163']	1	0.0
1039	1039	['2245']	1	0.0
1040	1040	['1961', '2641']	2	0.5
1041	1041	['3160', '261']	2	0.5
1042	1042	['2464']	1	0.0
1043	1043	['3065']	1	1.0
1044	1044	['2465']	1	0.0
1045	1045	['3064', '761']	2	0.5
1046	1046	['2466', '656', '584', '3280']	4	0.25
1047	1047	['3161', '209']	2	0.5
1048	1048	['238']	1	1.0
1049	1049	['239', '1278']	2	0.5
1050	1050	['239', '609']	2	1.0
1051	1051	['239', '62']	2	0.5
1052	1052	['239', '2290']	2	0.5
1053	1053	['239', '722']	2	0.5
1054	1054	['234', '738']	2	1.0
1055	1055	['235', '2659', '191']	3	0.666666666667
1056	1056	['236', '633', '664', '1748', '614', '2098', '184']	7	0.428571428571
1057	1057	['236', '275', '264']	3	1.0
1058	1058	['236', '1690']	2	0.5
1059	1059	['237']	1	1.0
1060	1060	['230', '269']	2	1.0
1061	1061	['231', '1861']	2	0.5
1062	1062	['232']	1	1.0
1063	1063	['233', '198']	2	1.0
1064	1064	['3068', '80']	2	0.5
1065	1065	['3068', '63']	2	0.5
1066	1066	['3068', '851']	2	0.0
1067	1067	['3068', '3069']	2	0.5
1068	1068	['3068', '1008']	2	0.5
1069	1069	['2462']	1	0.0
1070	1070	['2228']	1	0.0
1071	1071	['2229']	1	0.0
1072	1072	['2226']	1	0.0
1073	1073	['2227', '214']	2	0.5
1074	1074	['2224']	1	0.0
1075	1075	['2225']	1	0.0
1076	1076	['2222']	1	0.0
1077	1077	['2223']	1	0.0
1078	1078	['2220']	1	0.0
1079	1079	['2221']	1	0.0
1080	1080	['1']	1	0.0
1081	1081	['1433']	1	1.0
1082	1082	['146', '10', '765']	3	0.0
1083	1083	['146', '1254']	2	0.0
1084	1084	['146', '122']	2	0.5
1085	1085	['144']	1	0.0
1086	1086	['145', '24', '77', '43']	4	0.25
1087	1087	['145', '77', '31']	3	0.666666666667
1088	1088	['142', '856', '501']	3	0.333333333333
1089	1089	['142', '3157']	2	0.5
1090	1090	['143']	1	0.0
1091	1091	['140', '20']	2	0.5
1092	1092	['141']	1	0.0
1093	1093	['2468']	1	0.0
1094	1094	['148']	1	0.0
1095	1095	['149', '87']	2	0.5
1096	1096	['2088', '3132']	2	0.5
1097	1097	['2089']	1	0.0
1098	1098	['2082']	1	1.0
1099	1099	['2083', '568']	2	0.5
1100	1100	['2080']	1	0.0
1101	1101	['2081']	1	0.0
1102	1102	['2086']	1	0.0
1103	1103	['2087']	1	0.0
1104	1104	['2084']	1	0.0
1105	1105	['2085', '2091']	2	0.0
1106	1106	['3342']	1	0.0
1107	1107	['2538']	1	0.0
1108	1108	['2539']	1	0.0
1109	1109	['3343']	1	1.0
1110	1110	['2532']	1	0.0
1111	1111	['2533']	1	1.0
1112	1112	['2530']	1	0.0
1113	1113	['2531']	1	0.0
1114	1114	['2537', '138']	2	0.5
1115	1115	['2534', '3280']	2	0.5
1116	1116	['2535']	1	1.0
1117	1117	['2712']	1	1.0
1118	1118	['2713']	1	1.0
1119	1119	['2710']	1	0.0
1120	1120	['2711']	1	1.0
1121	1121	['2716', '735', '3279']	3	0.333333333333
1122	1122	['2717', '915']	2	0.5
1123	1123	['2714']	1	0.0
1124	1124	['2715']	1	1.0
1125	1125	['2718', '915']	2	1.0
1126	1126	['2719']	1	1.0
1127	1127	['3344', '853']	2	1.0
1128	1128	['1832', '2607']	2	1.0
1129	1129	['1833', '2887']	2	0.5
1130	1130	['1830']	1	0.0
1131	1131	['1831']	1	1.0
1132	1132	['1836']	1	1.0
1133	1133	['1837']	1	1.0
1134	1134	['1834', '284']	2	0.0
1135	1135	['1835']	1	1.0
1136	1136	['3090']	1	0.0
1137	1137	['1838']	1	1.0
1138	1138	['1839']	1	0.0
1139	1139	['2154']	1	0.0
1140	1140	['2155', '2099']	2	0.5
1141	1141	['2156']	1	0.0
1142	1142	['2157', '518']	2	0.0
1143	1143	['2150']	1	0.0
1144	1144	['2151']	1	0.0
1145	1145	['2152']	1	0.0
1146	1146	['2153', '2100']	2	1.0
1147	1147	['933', '932', '267', '913']	4	1.0
1148	1148	['933', '931']	2	1.0
1149	1149	['932', '89']	2	1.0
1150	1150	['930', '2285']	2	0.5
1151	1151	['937']	1	0.0
1152	1152	['936', '3136']	2	0.5
1153	1153	['936', '563', '1929']	3	0.333333333333
1154	1154	['936', '907']	2	1.0
1155	1155	['936', '935']	2	1.0
1156	1156	['936', '934']	2	1.0
1157	1157	['934', '915']	2	1.0
1158	1158	['934', '921']	2	0.5
1159	1159	['3091']	1	0.0
1160	1160	['1955', '1709']	2	1.0
1161	1161	['1955', '2899']	2	1.0
1162	1162	['1954']	1	0.0
1163	1163	['1957']	1	0.0
1164	1164	['1956', '1467', '3280']	3	0.333333333333
1165	1165	['1956', '1389']	2	1.0
1166	1166	['1950']	1	0.0
1167	1167	['1953']	1	1.0
1168	1168	['1952']	1	1.0
1169	1169	['1959', '2891']	2	1.0
1170	1170	['1958', '2367']	2	0.5
1171	1171	['3249']	1	0.0
1172	1172	['3248']	1	0.0
1173	1173	['3096']	1	1.0
1174	1174	['3243']	1	1.0
1175	1175	['3242', '3238']	2	1.0
1176	1176	['3241']	1	1.0
1177	1177	['3240']	1	0.0
1178	1178	['3247']	1	1.0
1179	1179	['3246']	1	0.0
1180	1180	['3245']	1	0.0
1181	1181	['1990']	1	0.0
1182	1182	['829']	1	0.0
1183	1183	['828']	1	0.0
1184	1184	['824']	1	0.0
1185	1185	['827']	1	0.0
1186	1186	['826']	1	0.0
1187	1187	['821']	1	1.0
1188	1188	['820', '1860', '2625']	3	0.666666666667
1189	1189	['820', '445']	2	0.5
1190	1190	['820', '2023']	2	0.0
1191	1191	['823']	1	0.0
1192	1192	['822', '2789']	2	0.0
1193	1193	['822', '2812']	2	0.0
1194	1194	['1536']	1	0.0
1195	1195	['2409', '159']	2	0.0
1196	1196	['2409', '2410']	2	0.0
1197	1197	['1993']	1	0.0
1198	1198	['3227']	1	0.0
1199	1199	['1483', '1588', '570']	3	0.333333333333
1200	1200	['1481']	1	0.0
1201	1201	['1480', '648']	2	0.0
1202	1202	['1487', '622']	2	0.5
1203	1203	['1486']	1	0.0
1204	1204	['1485']	1	0.0
1205	1205	['1484']	1	0.0
1206	1206	['3306']	1	0.0
1207	1207	['3307']	1	0.0
1208	1208	['1488']	1	0.0
1209	1209	['3302']	1	1.0
1210	1210	['3303']	1	0.0
1211	1211	['3300', '1524']	2	0.0
1212	1212	['3300', '137']	2	0.5
1213	1213	['3301']	1	1.0
1214	1214	['797', '3153', '2895', '2894', '1921', '2901']	6	0.666666666667
1215	1215	['797', '3153', '1118']	3	0.666666666667
1216	1216	['797', '1908']	2	0.0
1217	1217	['797', '799']	2	0.0
1218	1218	['2147']	1	1.0
1219	1219	['795', '790']	2	1.0
1220	1220	['794']	1	1.0
1221	1221	['793', '784']	2	1.0
1222	1222	['793', '2931']	2	1.0
1223	1223	['792']	1	0.0
1224	1224	['791', '844']	2	0.5
1225	1225	['2146']	1	1.0
1226	1226	['1719']	1	0.0
1227	1227	['1718']	1	1.0
1228	1228	['2413']	1	0.0
1229	1229	['799', '654']	2	0.5
1230	1230	['798', '2094']	2	0.0
1231	1231	['798', '3039']	2	0.5
1232	1232	['1270']	1	1.0
1233	1233	['2412']	1	0.0
1234	1234	['1271']	1	1.0
1235	1235	['2415']	1	0.0
1236	1236	['1272']	1	0.0
1237	1237	['2142']	1	0.0
1238	1238	['1139']	1	0.0
1239	1239	['2417']	1	0.0
1240	1240	['1133']	1	0.0
1241	1241	['1132']	1	0.0
1242	1242	['1130']	1	0.0
1243	1243	['1137']	1	0.0
1244	1244	['1136']	1	1.0
1245	1245	['1135']	1	0.0
1246	1246	['2419']	1	0.0
1247	1247	['1276']	1	0.0
1248	1248	['2418', '2469']	2	0.5
1249	1249	['714']	1	0.0
1250	1250	['1277']	1	0.0
1251	1251	['2790', '2786']	2	0.5
1252	1252	['2790', '2766']	2	0.5
1253	1253	['3018', '2032']	2	0.5
1254	1254	['1994', '1713']	2	1.0
1255	1255	['3012']	1	0.0
1256	1256	['3013']	1	0.0
1257	1257	['3010', '3011']	2	0.0
1258	1258	['3010', '86']	2	0.5
1259	1259	['3011', '478']	2	0.0
1260	1260	['3016', '562']	2	0.5
1261	1261	['3016', '1054']	2	1.0
1262	1262	['3016', '3015']	2	0.5
1263	1263	['3017']	1	1.0
1264	1264	['3014']	1	1.0
1265	1265	['519', '2380']	2	0.5
1266	1266	['518', '953']	2	0.0
1267	1267	['926', '69']	2	0.0
1268	1268	['926', '3132']	2	0.5
1269	1269	['1009']	1	1.0
1270	1270	['1007']	1	0.0
1271	1271	['1006', '978']	2	0.5
1272	1272	['1005', '606']	2	0.5
1273	1273	['1005', '986']	2	0.5
1274	1274	['1005', '1693']	2	1.0
1275	1275	['512', '945']	2	0.0
1276	1276	['515']	1	0.0
1277	1277	['1002']	1	1.0
1278	1278	['1001']	1	1.0
1279	1279	['1000', '1251']	2	1.0
1280	1280	['1225']	1	0.0
1281	1281	['620']	1	0.0
1282	1282	['627', '2799']	2	0.0
1283	1283	['627', '1655']	2	0.0
1284	1284	['1222', '1209']	2	1.0
1285	1285	['625']	1	0.0
1286	1286	['624']	1	0.0
1287	1287	['629']	1	0.0
1288	1288	['628', '2098']	2	0.0
1289	1289	['1229', '1670']	2	1.0
1290	1290	['1228', '224', '3039']	3	0.666666666667
1291	1291	['1535']	1	0.0
1292	1292	['2882']	1	0.0
1293	1293	['2883', '2896']	2	0.5
1294	1294	['2883', '2891', '2904']	3	0.666666666667
1295	1295	['2880']	1	0.0
1296	1296	['2881', '663']	2	0.5
1297	1297	['2881', '2904']	2	0.5
1298	1298	['2886']	1	0.0
1299	1299	['2884']	1	0.0
1300	1300	['2885']	1	0.0
1301	1301	['2888']	1	1.0
1302	1302	['2889']	1	0.0
1303	1303	['2', '3081']	2	0.5
1304	1304	['3196']	1	0.0
1305	1305	['11']	1	0.0
1306	1306	['13', '33']	2	0.0
1307	1307	['13', '839']	2	0.0
1308	1308	['12', '14']	2	0.0
1309	1309	['15']	1	0.0
1310	1310	['17', '2769']	2	0.0
1311	1311	['17', '1214']	2	0.0
1312	1312	['17', '1031', '501']	3	0.0
1313	1313	['16', '115', '181']	3	0.333333333333
1314	1314	['16', '63', '84']	3	0.333333333333
1315	1315	['19', '123']	2	0.0
1316	1316	['3274', '3275']	2	1.0
1317	1317	['3272']	1	0.0
1318	1318	['1925', '939']	2	0.5
1319	1319	['3270', '2075']	2	1.0
1320	1320	['928']	1	1.0
1321	1321	['3271']	1	0.0
1322	1322	['3193']	1	0.0
1323	1323	['1534', '496']	2	0.0
1324	1324	['3192']	1	0.0
1325	1325	['201']	1	0.0
1326	1326	['200', '1748']	2	0.5
1327	1327	['200', '2162']	2	1.0
1328	1328	['203', '918']	2	1.0
1329	1329	['203', '2632']	2	1.0
1330	1330	['202', '738']	2	1.0
1331	1331	['202', '563']	2	0.5
1332	1332	['205', '1261']	2	0.5
1333	1333	['207', '2469']	2	0.5
1334	1334	['207', '576', '1037', '1109']	4	0.25
1335	1335	['206', '193', '2822']	3	0.666666666667
1336	1336	['208', '563']	2	0.5
1337	1337	['208', '516']	2	0.5
1338	1338	['1573']	1	0.0
1339	1339	['1572']	1	0.0
1340	1340	['1571', '1064']	2	0.5
1341	1341	['2239', '2293']	2	0.5
1342	1342	['1570']	1	0.0
1343	1343	['2231']	1	0.0
1344	1344	['2230']	1	0.0
1345	1345	['2233']	1	0.0
1346	1346	['2235']	1	0.0
1347	1347	['2234']	1	0.0
1348	1348	['2237']	1	0.0
1349	1349	['2236', '2556']	2	0.0
1350	1350	['1575']	1	0.0
1351	1351	['3190']	1	1.0
1352	1352	['1574', '594']	2	0.0
1353	1353	['2185', '1826']	2	0.0
1354	1354	['2184']	1	0.0
1355	1355	['3223', '40']	2	0.0
1356	1356	['2095']	1	0.0
1357	1357	['2097', '2164']	2	1.0
1358	1358	['2096']	1	0.0
1359	1359	['2090']	1	0.0
1360	1360	['2093', '2106']	2	0.5
1361	1361	['2092', '1983']	2	0.5
1362	1362	['2099', '2103']	2	0.5
1363	1363	['2098', '2903']	2	0.0
1364	1364	['2525']	1	0.0
1365	1365	['2524']	1	0.0
1366	1366	['2527']	1	1.0
1367	1367	['2526']	1	1.0
1368	1368	['2521', '1853']	2	0.0
1369	1369	['2521', '2460', '782']	3	0.0
1370	1370	['2521', '517']	2	0.0
1371	1371	['2523']	1	0.0
1372	1372	['2522']	1	0.0
1373	1373	['2529']	1	0.0
1374	1374	['2528']	1	1.0
1375	1375	['2791', '2827']	2	0.0
1376	1376	['2791', '2821']	2	0.0
1377	1377	['2709']	1	1.0
1378	1378	['2708']	1	1.0
1379	1379	['2705']	1	1.0
1380	1380	['2704']	1	1.0
1381	1381	['2707']	1	1.0
1382	1382	['2706']	1	1.0
1383	1383	['2701']	1	1.0
1384	1384	['2700']	1	0.0
1385	1385	['2703']	1	1.0
1386	1386	['2702']	1	1.0
1387	1387	['1829']	1	1.0
1388	1388	['1828', '915', '590']	3	0.333333333333
1389	1389	['1825', '913']	2	0.5
1390	1390	['1825', '1567']	2	0.5
1391	1391	['1824']	1	0.0
1392	1392	['1827']	1	0.0
1393	1393	['1823']	1	0.0
1394	1394	['1822']	1	1.0
1395	1395	['2411']	1	0.0
1396	1396	['929']	1	0.0
1397	1397	['2145', '1031']	2	0.0
1398	1398	['2144']	1	0.0
1399	1399	['2143']	1	0.0
1400	1400	['2414']	1	0.0
1401	1401	['2141']	1	0.0
1402	1402	['2140']	1	1.0
1403	1403	['920']	1	0.0
1404	1404	['921', '916']	2	0.0
1405	1405	['922']	1	0.0
1406	1406	['923']	1	0.0
1407	1407	['924']	1	0.0
1408	1408	['925']	1	1.0
1409	1409	['2149']	1	1.0
1410	1410	['2148']	1	1.0
1411	1411	['1920']	1	0.0
1412	1412	['1922']	1	0.0
1413	1413	['1924']	1	0.0
1414	1414	['3273', '892']	2	0.5
1415	1415	['1926']	1	0.0
1416	1416	['1927', '2026']	2	0.5
1417	1417	['1927', '1863']	2	0.0
1418	1418	['1928']	1	0.0
1419	1419	['1929', '3128']	2	0.5
1420	1420	['3278', '3277']	2	1.0
1421	1421	['3279', '485']	2	0.0
1422	1422	['3279', '1067']	2	0.0
1423	1423	['832']	1	0.0
1424	1424	['833']	1	1.0
1425	1425	['831']	1	1.0
1426	1426	['836', '1896']	2	0.0
1427	1427	['836', '840']	2	0.5
1428	1428	['837']	1	1.0
1429	1429	['835', '846']	2	0.5
1430	1430	['835', '843']	2	0.5
1431	1431	['835', '838']	2	0.5
1432	1432	['835', '940']	2	0.5
1433	1433	['835', '848']	2	0.5
1434	1434	['835', '2369']	2	0.5
1435	1435	['835', '1118']	2	0.5
1436	1436	['838', '336']	2	1.0
1437	1437	['3', '2666', '2394', '656']	4	0.25
1438	1438	['3', '2666', '2394', '501']	4	0.25
1439	1439	['3', '700', '501']	3	0.0
1440	1440	['2937']	1	0.0
1441	1441	['1986']	1	0.0
1442	1442	['3199']	1	1.0
1443	1443	['3319', '3333']	2	1.0
1444	1444	['3319', '954']	2	1.0
1445	1445	['3319', '1208']	2	0.5
1446	1446	['3318']	1	0.0
1447	1447	['3311']	1	0.0
1448	1448	['3310']	1	1.0
1449	1449	['3313']	1	1.0
1450	1450	['3312']	1	0.0
1451	1451	['3315']	1	1.0
1452	1452	['1987']	1	0.0
1453	1453	['3317', '1842']	2	0.5
1454	1454	['3316']	1	1.0
1455	1455	['785']	1	1.0
1456	1456	['786']	1	1.0
1457	1457	['787']	1	1.0
1458	1458	['780']	1	1.0
1459	1459	['781']	1	1.0
1460	1460	['782', '3131']	2	0.0
1461	1461	['783']	1	1.0
1462	1462	['1726']	1	0.0
1463	1463	['1727', '1725']	2	0.5
1464	1464	['1724']	1	1.0
1465	1465	['1722']	1	0.0
1466	1466	['789']	1	1.0
1467	1467	['1720']	1	0.0
1468	1468	['1721']	1	1.0
1469	1469	['3330']	1	0.0
1470	1470	['2439']	1	0.0
1471	1471	['60', '77', '81']	3	1.0
1472	1472	['60', '138']	2	1.0
1473	1473	['60', '137']	2	1.0
1474	1474	['61', '25', '137']	3	0.666666666667
1475	1475	['61', '76']	2	1.0
1476	1476	['61', '3033']	2	1.0
1477	1477	['62', '1713']	2	0.5
1478	1478	['62', '614', '2666', '131']	4	0.5
1479	1479	['152', '2568']	2	0.5
1480	1480	['152', '1650']	2	0.0
1481	1481	['152', '909']	2	0.0
1482	1482	['64']	1	1.0
1483	1483	['65', '25']	2	0.0
1484	1484	['65', '112']	2	0.0
1485	1485	['66', '1694']	2	1.0
1486	1486	['66', '318']	2	1.0
1487	1487	['66', '1442', '3109']	3	0.666666666667
1488	1488	['67', '138']	2	1.0
1489	1489	['67', '132']	2	0.5
1490	1490	['67', '123']	2	0.5
1491	1491	['68']	1	1.0
1492	1492	['3009']	1	0.0
1493	1493	['3008']	1	1.0
1494	1494	['1371']	1	1.0
1495	1495	['1589']	1	0.0
1496	1496	['406']	1	0.0
1497	1497	['1582']	1	0.0
1498	1498	['1583']	1	1.0
1499	1499	['1580']	1	1.0
1500	1500	['1581']	1	0.0
1501	1501	['1586']	1	1.0
1502	1502	['1373', '244']	2	1.0
1503	1503	['1584', '1612']	2	1.0
1504	1504	['1585']	1	0.0
1505	1505	['159', '902']	2	0.0
1506	1506	['159', '905', '907']	3	0.666666666667
1507	1507	['1038', '656']	2	0.0
1508	1508	['1038', '244']	2	0.5
1509	1509	['1038', '27']	2	0.0
1510	1510	['1038', '45', '43']	3	0.0
1511	1511	['1372']	1	1.0
1512	1512	['508']	1	0.0
1513	1513	['158']	1	0.0
1514	1514	['1032', '2122']	2	0.0
1515	1515	['403']	1	1.0
1516	1516	['1030']	1	0.0
1517	1517	['502']	1	0.0
1518	1518	['503']	1	0.0
1519	1519	['1034']	1	0.0
1520	1520	['402']	1	0.0
1521	1521	['1213', '1851']	2	0.0
1522	1522	['1210']	1	0.0
1523	1523	['633', '902', '1441']	3	0.0
1524	1524	['633', '654', '1695', '735', '2668']	5	0.6
1525	1525	['633', '134']	2	0.0
1526	1526	['1216']	1	0.0
1527	1527	['401']	1	0.0
1528	1528	['636']	1	0.0
1529	1529	['637']	1	0.0
1530	1530	['638', '2666', '584', '656', '2394', '265', '3314', '614']	8	0.625
1531	1531	['639']	1	0.0
1532	1532	['1218']	1	0.0
1533	1533	['927', '444']	2	0.5
1534	1534	['3335']	1	0.0
1535	1535	['2899', '1050']	2	0.5
1536	1536	['2899', '2890']	2	1.0
1537	1537	['1728']	1	1.0
1538	1538	['2895', '2890', '2901']	3	1.0
1539	1539	['2894', '122']	2	1.0
1540	1540	['2897', '2542']	2	1.0
1541	1541	['2897', '1452']	2	0.5
1542	1542	['1729', '632']	2	0.5
1543	1543	['1729', '2130']	2	0.5
1544	1544	['1729', '1566']	2	1.0
1545	1545	['2891', '2938']	2	1.0
1546	1546	['2890', '2904', '2901']	3	1.0
1547	1547	['2893', '943']	2	0.5
1548	1548	['2892']	1	1.0
1549	1549	['1106', '1092']	2	0.5
1550	1550	['1107', '2854']	2	0.5
1551	1551	['1104']	1	0.0
1552	1552	['1105']	1	0.0
1553	1553	['1102']	1	0.0
1554	1554	['1103']	1	1.0
1555	1555	['1100', '1073']	2	0.5
1556	1556	['1101', '1905']	2	0.5
1557	1557	['1458', '1254']	2	0.0
1558	1558	['1458', '1415']	2	0.0
1559	1559	['1459']	1	0.0
1560	1560	['1108']	1	0.0
1561	1561	['1109', '1069', '1063', '1070']	4	0.5
1562	1562	['788']	1	0.0
1563	1563	['1723']	1	0.0
1564	1564	['1357']	1	0.0
1565	1565	['1577']	1	0.0
1566	1566	['1977']	1	0.0
1567	1567	['2060']	1	0.0
1568	1568	['1576']	1	0.0
1569	1569	['2136']	1	1.0
1570	1570	['2137']	1	0.0
1571	1571	['3147', '2631']	2	0.5
1572	1572	['2794', '2822']	2	0.5
1573	1573	['217', '2778', '2834']	3	0.333333333333
1574	1574	['217', '591', '598']	3	0.333333333333
1575	1575	['217', '35']	2	0.5
1576	1576	['217', '63']	2	1.0
1577	1577	['217', '1677']	2	0.5
1578	1578	['217', '2821']	2	0.5
1579	1579	['215', '182']	2	1.0
1580	1580	['215', '3034']	2	1.0
1581	1581	['212']	1	0.0
1582	1582	['213']	1	1.0
1583	1583	['210']	1	1.0
1584	1584	['211']	1	1.0
1585	1585	['1530']	1	1.0
1586	1586	['218', '224']	2	1.0
1587	1587	['219']	1	1.0
1588	1588	['3094', '3095']	2	0.5
1589	1589	['2138']	1	1.0
1590	1590	['2139']	1	0.0
1591	1591	['4']	1	0.0
1592	1592	['3145', '849']	2	1.0
1593	1593	['2669']	1	0.0
1594	1594	['938']	1	0.0
1595	1595	['3226']	1	0.0
1596	1596	['2550']	1	0.0
1597	1597	['2551']	1	0.0
1598	1598	['2552']	1	0.0
1599	1599	['2553', '2557']	2	0.5
1600	1600	['2554']	1	0.0
1601	1601	['2555']	1	0.0
1602	1602	['2557', '2590']	2	1.0
1603	1603	['2557', '2546']	2	0.5
1604	1604	['2557', '2612']	2	1.0
1605	1605	['2558', '2577']	2	0.5
1606	1606	['2559']	1	0.0
1607	1607	['3007', '947']	2	0.5
1608	1608	['2396', '735', '700']	3	0.333333333333
1609	1609	['2397']	1	0.0
1610	1610	['2394', '2666', '244', '2659', '1031', '501']	6	0.333333333333
1611	1611	['2394', '2666', '501', '584']	4	0.5
1612	1612	['2394', '283', '2659', '501']	4	0.25
1613	1613	['2394', '563', '2659', '1031']	4	0.25
1614	1614	['63', '3122']	2	1.0
1615	1615	['2392', '1737']	2	0.5
1616	1616	['2393', '2631', '2624']	3	0.333333333333
1617	1617	['2393', '1893']	2	0.0
1618	1618	['2390', '722']	2	0.5
1619	1619	['2390', '2386']	2	1.0
1620	1620	['2391']	1	0.0
1621	1621	['3001']	1	1.0
1622	1622	['2398']	1	0.0
1623	1623	['2399']	1	0.0
1624	1624	['2778', '861']	2	0.0
1625	1625	['2779']	1	1.0
1626	1626	['3003']	1	1.0
1627	1627	['2770']	1	0.0
1628	1628	['2771', '2160']	2	0.5
1629	1629	['2772', '2821']	2	0.0
1630	1630	['2772', '2822']	2	0.5
1631	1631	['3002']	1	0.0
1632	1632	['2774', '737']	2	0.5
1633	1633	['2775']	1	1.0
1634	1634	['2777']	1	1.0
1635	1635	['3166']	1	0.0
1636	1636	['3167']	1	0.0
1637	1637	['3164']	1	0.0
1638	1638	['1858']	1	1.0
1639	1639	['1859', '2541']	2	0.5
1640	1640	['1859', '1890']	2	0.5
1641	1641	['3165']	1	0.0
1642	1642	['1850']	1	0.0
1643	1643	['1851', '1852']	2	0.0
1644	1644	['1851', '488']	2	0.0
1645	1645	['1851', '2178']	2	0.5
1646	1646	['1851', '2023']	2	0.0
1647	1647	['1852', '1854']	2	0.5
1648	1648	['1853', '1478']	2	0.0
1649	1649	['1854', '490']	2	0.5
1650	1650	['1855']	1	0.0
1651	1651	['1856']	1	1.0
1652	1652	['1857']	1	1.0
1653	1653	['2172', '3070']	2	0.0
1654	1654	['2172', '1798']	2	0.0
1655	1655	['2173', '1259']	2	0.5
1656	1656	['2171']	1	0.0
1657	1657	['919']	1	0.0
1658	1658	['918', '912']	2	1.0
1659	1659	['2174', '2175']	2	0.5
1660	1660	['915', '3057']	2	0.5
1661	1661	['915', '1650']	2	0.5
1662	1662	['915', '3036']	2	0.5
1663	1663	['914']	1	0.0
1664	1664	['917']	1	0.0
1665	1665	['911']	1	0.0
1666	1666	['910']	1	0.0
1667	1667	['913', '131']	2	1.0
1668	1668	['2604']	1	0.0
1669	1669	['2605', '2597']	2	1.0
1670	1670	['2605', '2572']	2	1.0
1671	1671	['2605', '2567']	2	1.0
1672	1672	['2606', '750']	2	0.5
1673	1673	['2600']	1	0.0
1674	1674	['2601', '2598']	2	0.5
1675	1675	['2603']	1	0.0
1676	1676	['1457']	1	1.0
1677	1677	['2608', '2744']	2	0.5
1678	1678	['2609']	1	1.0
1679	1679	['1933', '480']	2	0.0
1680	1680	['1933', '1963']	2	0.5
1681	1681	['1932', '1660']	2	0.5
1682	1682	['1931']	1	0.0
1683	1683	['1930', '1262', '42']	3	0.333333333333
1684	1684	['1936']	1	0.0
1685	1685	['1935', '723']	2	0.0
1686	1686	['1934']	1	0.0
1687	1687	['3269']	1	0.0
1688	1688	['3268']	1	1.0
1689	1689	['1939']	1	0.0
1690	1690	['1938']	1	0.0
1691	1691	['458', '3073']	2	1.0
1692	1692	['847', '537']	2	0.5
1693	1693	['847', '731']	2	0.5
1694	1694	['847', '848']	2	1.0
1695	1695	['846', '841']	2	1.0
1696	1696	['845', '1119']	2	1.0
1697	1697	['842']	1	1.0
1698	1698	['2406']	1	0.0
1699	1699	['1587']	1	0.0
1700	1700	['2407', '659']	2	0.5
1701	1701	['1739', '1738', '1737']	3	1.0
1702	1702	['1731', '304']	2	0.5
1703	1703	['1730']	1	0.0
1704	1704	['1733']	1	0.0
1705	1705	['1732', '464']	2	1.0
1706	1706	['1735', '1736']	2	0.0
1707	1707	['1736', '138']	2	0.5
1708	1708	['1039', '1040']	2	1.0
1709	1709	['796']	1	0.0
1710	1710	['753', '2659']	2	0.0
1711	1711	['751', '3056']	2	0.0
1712	1712	['757']	1	0.0
1713	1713	['756']	1	0.0
1714	1714	['755']	1	0.0
1715	1715	['754']	1	0.0
1716	1716	['759']	1	0.0
1717	1717	['509']	1	0.0
1718	1718	['3070', '3073']	2	0.5
1719	1719	['3071', '3073', '463']	3	1.0
1720	1720	['1597', '1478']	2	0.5
1721	1721	['1596', '1542']	2	1.0
1722	1722	['2958']	1	0.0
1723	1723	['2959']	1	1.0
1724	1724	['1593']	1	0.0
1725	1725	['3077']	1	0.0
1726	1726	['2954']	1	1.0
1727	1727	['2955']	1	1.0
1728	1728	['2956', '1164']	2	0.5
1729	1729	['2956', '2061']	2	1.0
1730	1730	['2956', '1167']	2	1.0
1731	1731	['2957']	1	1.0
1732	1732	['1599', '1615', '255']	3	0.666666666667
1733	1733	['2951']	1	1.0
1734	1734	['2952', '721']	2	0.0
1735	1735	['2953']	1	0.0
1736	1736	['1025']	1	0.0
1737	1737	['1024']	1	1.0
1738	1738	['1027', '1632']	2	0.0
1739	1739	['1027', '1363']	2	0.0
1740	1740	['1026']	1	0.0
1741	1741	['1021', '1111']	2	0.5
1742	1742	['1021', '991']	2	1.0
1743	1743	['1020']	1	1.0
1744	1744	['1023', '1749']	2	0.0
1745	1745	['1022', '1703']	2	0.5
1746	1746	['1022', '987']	2	0.5
1747	1747	['1022', '1691']	2	1.0
1748	1748	['660']	1	1.0
1749	1749	['1036', '244']	2	0.5
1750	1750	['1029', '1669']	2	0.0
1751	1751	['1028']	1	0.0
1752	1752	['2402', '191']	2	0.5
1753	1753	['1035']	1	0.0
1754	1754	['224', '1491']	2	0.5
1755	1755	['224', '651']	2	0.5
1756	1756	['604']	1	0.0
1757	1757	['607', '191']	2	0.5
1758	1758	['607', '1078']	2	0.0
1759	1759	['601']	1	1.0
1760	1760	['603']	1	1.0
1761	1761	['602']	1	0.0
1762	1762	['1205']	1	0.0
1763	1763	['1204']	1	0.0
1764	1764	['1207']	1	0.0
1765	1765	['1206']	1	1.0
1766	1766	['609', '566']	2	1.0
1767	1767	['608', '700', '645', '3314', '265']	5	0.2
1768	1768	['1202', '1113']	2	0.5
1769	1769	['1211']	1	1.0
1770	1770	['634', '1798', '659']	3	0.333333333333
1771	1771	['634', '198']	2	0.5
1772	1772	['1217']	1	0.0
1773	1773	['3108']	1	0.0
1774	1774	['3105']	1	0.0
1775	1775	['3106', '3109']	2	1.0
1776	1776	['3106', '40']	2	0.5
1777	1777	['1215']	1	0.0
1778	1778	['3100', '3089']	2	0.5
1779	1779	['3101']	1	0.0
1780	1780	['3102']	1	0.0
1781	1781	['3103', '3095']	2	0.5
1782	1782	['1447', '1503']	2	0.5
1783	1783	['1110']	1	0.0
1784	1784	['1112']	1	1.0
1785	1785	['1443']	1	0.0
1786	1786	['1114']	1	1.0
1787	1787	['1117']	1	0.0
1788	1788	['1440', '1510']	2	0.0
1789	1789	['1118', '1631', '645']	3	0.666666666667
1790	1790	['1506']	1	0.0
1791	1791	['467']	1	1.0
1792	1792	['1449']	1	0.0
1793	1793	['1448']	1	0.0
1794	1794	['1219']	1	0.0
1795	1795	['2401']	1	0.0
1796	1796	['460', '444']	2	1.0
1797	1797	['1355']	1	0.0
1798	1798	['489']	1	0.0
1799	1799	['486']	1	0.0
1800	1800	['1354']	1	0.0
1801	1801	['483', '449', '463']	3	0.666666666667
1802	1802	['482']	1	0.0
1803	1803	['481']	1	0.0
1804	1804	['1564']	1	0.0
1805	1805	['1565']	1	0.0
1806	1806	['2898']	1	1.0
1807	1807	['3004', '3122']	2	1.0
1808	1808	['3004', '2925']	2	1.0
1809	1809	['3004', '1796']	2	1.0
1810	1810	['3004', '1715']	2	1.0
1811	1811	['199', '1078']	2	0.5
1812	1812	['195', '626']	2	0.0
1813	1813	['194']	1	0.0
1814	1814	['197']	1	1.0
1815	1815	['196']	1	1.0
1816	1816	['190', '942']	2	0.0
1817	1817	['190', '491']	2	0.0
1818	1818	['193', '1906']	2	0.0
1819	1819	['192']	1	1.0
1820	1820	['2543', '2540']	2	1.0
1821	1821	['2540', '41']	2	1.0
1822	1822	['2547']	1	0.0
1823	1823	['2546', '2613']	2	0.0
1824	1824	['2546', '2588']	2	0.5
1825	1825	['2545', '182', '727']	3	0.333333333333
1826	1826	['2544']	1	0.0
1827	1827	['3006', '2032']	2	0.5
1828	1828	['2549']	1	0.0
1829	1829	['2548', '3144', '3146', '2588']	4	0.75
1830	1830	['1456']	1	0.0
1831	1831	['2381']	1	0.0
1832	1832	['2383']	1	0.0
1833	1833	['2385']	1	0.0
1834	1834	['2384']	1	0.0
1835	1835	['2387']	1	1.0
1836	1836	['2389']	1	1.0
1837	1837	['2388']	1	1.0
1838	1838	['1451']	1	0.0
1839	1839	['2769', '1269']	2	0.0
1840	1840	['2768']	1	0.0
1841	1841	['2763']	1	0.0
1842	1842	['2762']	1	0.0
1843	1843	['2761', '2757']	2	0.0
1844	1844	['2761', '479', '596']	3	0.0
1845	1845	['2761', '1469']	2	0.0
1846	1846	['2761', '35']	2	0.0
1847	1847	['2760']	1	0.0
1848	1848	['2767']	1	0.0
1849	1849	['2765', '2773']	2	0.5
1850	1850	['2764']	1	0.0
1851	1851	['902', '946', '563']	3	0.0
1852	1852	['902', '903']	2	0.0
1853	1853	['903', '610']	2	0.0
1854	1854	['900']	1	0.0
1855	1855	['901']	1	0.0
1856	1856	['906']	1	0.0
1857	1857	['907', '909']	2	0.5
1858	1858	['904']	1	0.0
1859	1859	['1843']	1	1.0
1860	1860	['1841']	1	0.0
1861	1861	['1840']	1	0.0
1862	1862	['1847', '3107']	2	0.0
1863	1863	['1847', '70']	2	0.0
1864	1864	['1846']	1	0.0
1865	1865	['1845']	1	1.0
1866	1866	['1844', '2631']	2	0.0
1867	1867	['3250']	1	0.0
1868	1868	['2169']	1	0.0
1869	1869	['2168']	1	0.0
1870	1870	['3251']	1	0.0
1871	1871	['2165']	1	0.0
1872	1872	['2166']	1	0.0
1873	1873	['2161']	1	1.0
1874	1874	['2160', '2128']	2	1.0
1875	1875	['2160', '2123']	2	0.5
1876	1876	['2617']	1	1.0
1877	1877	['2616', '3148']	2	0.5
1878	1878	['2615', '2127']	2	1.0
1879	1879	['2614', '2560']	2	0.5
1880	1880	['2614', '2800']	2	1.0
1881	1881	['2611']	1	1.0
1882	1882	['2610']	1	1.0
1883	1883	['3254']	1	0.0
1884	1884	['2619']	1	1.0
1885	1885	['2618']	1	1.0
1886	1886	['3298', '658']	2	0.5
1887	1887	['3299']	1	1.0
1888	1888	['1909']	1	0.0
1889	1889	['1907']	1	0.0
1890	1890	['1904']	1	0.0
1891	1891	['1902']	1	0.0
1892	1892	['1903', '2026']	2	0.5
1893	1893	['1901', '2574']	2	0.0
1894	1894	['854']	1	0.0
1895	1895	['855']	1	0.0
1896	1896	['857']	1	0.0
1897	1897	['850', '350']	2	0.0
1898	1898	['851', '40']	2	0.0
1899	1899	['852']	1	0.0
1900	1900	['858']	1	0.0
1901	1901	['859', '874']	2	0.0
1902	1902	['859', '870']	2	0.5
1903	1903	['3293']	1	1.0
1904	1904	['6']	1	0.0
1905	1905	['616']	1	1.0
1906	1906	['740']	1	0.0
1907	1907	['742']	1	0.0
1908	1908	['743']	1	0.0
1909	1909	['744', '3089']	2	0.0
1910	1910	['744', '330']	2	0.5
1911	1911	['745']	1	0.0
1912	1912	['746', '1642']	2	1.0
1913	1913	['746', '729']	2	0.5
1914	1914	['747']	1	0.0
1915	1915	['748']	1	0.0
1916	1916	['749']	1	0.0
1917	1917	['2912']	1	0.0
1918	1918	['3063']	1	1.0
1919	1919	['3062', '1899']	2	0.5
1920	1920	['3061']	1	1.0
1921	1921	['3060']	1	0.0
1922	1922	['3067']	1	1.0
1923	1923	['3066']	1	1.0
1924	1924	['2949']	1	0.0
1925	1925	['2948']	1	1.0
1926	1926	['2947']	1	1.0
1927	1927	['2946']	1	1.0
1928	1928	['2945']	1	1.0
1929	1929	['2944']	1	1.0
1930	1930	['2943']	1	1.0
1931	1931	['2942']	1	1.0
1932	1932	['2941']	1	1.0
1933	1933	['2940']	1	0.0
1934	1934	['1050', '2632']	2	0.5
1935	1935	['1051', '1054', '1046']	3	1.0
1936	1936	['1052', '2659', '563', '1054']	4	0.5
1937	1937	['1052', '1045']	2	1.0
1938	1938	['1053', '1054', '1046']	3	1.0
1939	1939	['1053', '3033']	2	1.0
1940	1940	['1055']	1	1.0
1941	1941	['1056']	1	0.0
1942	1942	['1057']	1	0.0
1943	1943	['1058', '1071']	2	0.0
1944	1944	['1059']	1	0.0
1945	1945	['2917', '506']	2	0.5
1946	1946	['1696']	1	1.0
1947	1947	['1697']	1	1.0
1948	1948	['1692']	1	0.0
1949	1949	['1791', '304']	2	0.0
1950	1950	['1791', '1253']	2	0.5
1951	1951	['1698']	1	0.0
1952	1952	['1699', '1538']	2	0.5
1953	1953	['1279']	1	0.0
1954	1954	['618']	1	0.0
1955	1955	['619']	1	0.0
1956	1956	['612']	1	0.0
1957	1957	['613', '735', '654', '187']	4	1.0
1958	1958	['613', '735', '567']	3	1.0
1959	1959	['613', '1311']	2	0.5
1960	1960	['1274']	1	0.0
1961	1961	['617']	1	1.0
1962	1962	['615', '659']	2	1.0
1963	1963	['1794']	1	1.0
1964	1964	['2033', '2028']	2	0.5
1965	1965	['3119']	1	1.0
1966	1966	['3118']	1	1.0
1967	1967	['3117']	1	0.0
1968	1968	['3116']	1	0.0
1969	1969	['3114']	1	0.0
1970	1970	['3113']	1	1.0
1971	1971	['3112', '1376']	2	0.5
1972	1972	['3111']	1	0.0
1973	1973	['3110']	1	0.0
1974	1974	['1472']	1	0.0
1975	1975	['1473']	1	0.0
1976	1976	['1470', '2119']	2	0.0
1977	1977	['1471']	1	0.0
1978	1978	['1476']	1	0.0
1979	1979	['1477']	1	0.0
1980	1980	['1474', '1896']	2	0.5
1981	1981	['1474', '1567']	2	1.0
1982	1982	['1475']	1	0.0
1983	1983	['3337', '3336']	2	1.0
1984	1984	['1478', '1503']	2	0.5
1985	1985	['1479', '1435']	2	0.0
1986	1986	['1306', '1298']	2	0.5
1987	1987	['1307']	1	0.0
1988	1988	['1300']	1	0.0
1989	1989	['1301', '339']	2	1.0
1990	1990	['1301', '1303']	2	1.0
1991	1991	['1303', '1040']	2	1.0
1992	1992	['3334', '957']	2	1.0
1993	1993	['1308']	1	0.0
1994	1994	['1309']	1	0.0
1995	1995	['3308']	1	0.0
1996	1996	['498']	1	0.0
1997	1997	['499', '2410', '265']	3	0.666666666667
1998	1998	['1499']	1	0.0
1999	1999	['494', '330']	2	0.5
2000	2000	['495', '1254']	2	0.0
2001	2001	['490', '263']	2	0.0
2002	2002	['492']	1	0.0
2003	2003	['493']	1	0.0
2004	2004	['24', '138']	2	0.5
2005	2005	['25', '335']	2	0.5
2006	2006	['27', '3043', '3051']	3	0.333333333333
2007	2007	['20', '2293', '184']	3	1.0
2008	2008	['20', '275']	2	1.0
2009	2009	['22']	1	0.0
2010	2010	['28']	1	0.0
2011	2011	['29']	1	0.0
2012	2012	['3262']	1	1.0
2013	2013	['1241']	1	0.0
2014	2014	['3265']	1	1.0
2015	2015	['3224', '2365', '3043', '124']	4	0.25
2016	2016	['3224', '3222']	2	0.5
2017	2017	['3264']	1	1.0
2018	2018	['3267']	1	1.0
2019	2019	['3266']	1	0.0
2020	2020	['7']	1	0.0
2021	2021	['2288']	1	0.0
2022	2022	['2289']	1	0.0
2023	2023	['2280']	1	0.0
2024	2024	['2281']	1	0.0
2025	2025	['2282']	1	0.0
2026	2026	['2283']	1	0.0
2027	2027	['2284']	1	0.0
2028	2028	['2285', '2258']	2	1.0
2029	2029	['2286']	1	0.0
2030	2030	['1468']	1	0.0
2031	2031	['2578']	1	0.0
2032	2032	['2579']	1	1.0
2033	2033	['2576', '2586']	2	1.0
2034	2034	['2575']	1	0.0
2035	2035	['2573']	1	0.0
2036	2036	['2570']	1	1.0
2037	2037	['2395', '2460']	2	0.5
2038	2038	['2378']	1	0.0
2039	2039	['2379']	1	0.0
2040	2040	['2374', '2376']	2	1.0
2041	2041	['2375']	1	0.0
2042	2042	['2377']	1	1.0
2043	2043	['2370', '2367']	2	0.5
2044	2044	['2370', '2368']	2	0.0
2045	2045	['2371']	1	0.0
2046	2046	['2372']	1	0.0
2047	2047	['2373']	1	0.0
2048	2048	['2594']	1	0.0
2049	2049	['2595']	1	0.0
2050	2050	['2596']	1	0.0
2051	2051	['2590', '2560']	2	0.5
2052	2052	['2591']	1	0.0
2053	2053	['2592']	1	1.0
2054	2054	['2593']	1	1.0
2055	2055	['2599']	1	0.0
2056	2056	['1876']	1	1.0
2057	2057	['1877']	1	0.0
2058	2058	['1874']	1	0.0
2059	2059	['1875']	1	1.0
2060	2060	['1872']	1	1.0
2061	2061	['1873']	1	1.0
2062	2062	['1871']	1	1.0
2063	2063	['1083']	1	0.0
2064	2064	['1878']	1	1.0
2065	2065	['1879', '1880']	2	1.0
2066	2066	['977']	1	0.0
2067	2067	['976']	1	0.0
2068	2068	['975']	1	1.0
2069	2069	['974']	1	1.0
2070	2070	['973']	1	1.0
2071	2071	['972']	1	0.0
2072	2072	['970']	1	1.0
2073	2073	['1080', '1070']	2	0.5
2074	2074	['979']	1	0.0
2075	2075	['183', '1799']	2	0.5
2076	2076	['180']	1	1.0
2077	2077	['181', '2666']	2	0.5
2078	2078	['181', '1792', '185']	3	0.666666666667
2079	2079	['186', '2973']	2	1.0
2080	2080	['187', '1189']	2	0.5
2081	2081	['185', '209']	2	1.0
2082	2082	['185', '2034']	2	1.0
2083	2083	['2110']	1	0.0
2084	2084	['2111']	1	0.0
2085	2085	['188', '666', '656', '654']	4	0.5
2086	2086	['188', '643']	2	0.5
2087	2087	['188', '501']	2	0.5
2088	2088	['189', '987']	2	0.5
2089	2089	['2115']	1	1.0
2090	2090	['2116']	1	0.0
2091	2091	['1559']	1	0.0
2092	2092	['2622']	1	1.0
2093	2093	['2623']	1	0.0
2094	2094	['2620']	1	1.0
2095	2095	['2621', '3150']	2	0.5
2096	2096	['2626']	1	0.0
2097	2097	['2627']	1	0.0
2098	2098	['2624', '2630']	2	1.0
2099	2099	['2628']	1	0.0
2100	2100	['2629']	1	0.0
2101	2101	['1919']	1	0.0
2102	2102	['1918']	1	0.0
2103	2103	['3289', '567']	2	1.0
2104	2104	['3288']	1	0.0
2105	2105	['1911']	1	0.0
2106	2106	['1910', '2968']	2	0.5
2107	2107	['1913']	1	0.0
2108	2108	['3284', '1569']	2	0.0
2109	2109	['3283']	1	0.0
2110	2110	['3282']	1	1.0
2111	2111	['3281']	1	0.0
2112	2112	['3280', '586']	2	0.5
2113	2113	['3280', '666', '656']	3	0.0
2114	2114	['869', '2793']	2	0.5
2115	2115	['868', '876', '2834']	3	0.666666666667
2116	2116	['868', '876', '867']	3	1.0
2117	2117	['2113']	1	0.0
2118	2118	['860', '2834']	2	0.0
2119	2119	['860', '878']	2	0.0
2120	2120	['860', '871']	2	0.5
2121	2121	['863', '864']	2	0.0
2122	2122	['863', '2039']	2	0.0
2123	2123	['862']	1	0.0
2124	2124	['865']	1	0.0
2125	2125	['866', '878']	2	0.5
2126	2126	['866', '871']	2	1.0
2127	2127	['2024']	1	0.0
2128	2128	['2026', '1749']	2	0.5
2129	2129	['2026', '2497']	2	1.0
2130	2130	['2027']	1	0.0
2131	2131	['2020']	1	1.0
2132	2132	['2021']	1	0.0
2133	2133	['2022']	1	0.0
2134	2134	['2751', '2828']	2	0.0
2135	2135	['3144', '2586']	2	1.0
2136	2136	['2117']	1	0.0
2137	2137	['2028', '3043']	2	0.0
2138	2138	['2029']	1	0.0
2139	2139	['2758']	1	0.0
2140	2140	['2759']	1	0.0
2141	2141	['883']	1	1.0
2142	2142	['882', '537', '244', '3290', '1037', '711']	6	0.166666666667
2143	2143	['882', '856', '275', '264']	4	0.5
2144	2144	['882', '856', '501']	3	0.0
2145	2145	['882', '670', '626']	3	0.0
2146	2146	['882', '2666', '584', '656', '626', '3314']	6	0.166666666667
2147	2147	['882', '2666', '584', '501']	4	0.25
2148	2148	['882', '2666', '2659', '1031', '656']	5	0.0
2149	2149	['882', '2666', '2659', '1031', '501', '209', '43']	7	0.142857142857
2150	2150	['882', '2666', '2659', '1031', '501', '244']	6	0.166666666667
2151	2151	['882', '262']	2	0.5
2152	2152	['882', '264', '255']	3	0.666666666667
2153	2153	['882', '500']	2	0.0
2154	2154	['881', '872']	2	0.0
2155	2155	['880']	1	0.0
2156	2156	['886']	1	0.0
2157	2157	['885']	1	1.0
2158	2158	['884']	1	1.0
2159	2159	['889']	1	1.0
2160	2160	['3149']	1	1.0
2161	2161	['1503', '244']	2	1.0
2162	2162	['1503', '1566']	2	1.0
2163	2163	['1503', '2678']	2	1.0
2164	2164	['775']	1	1.0
2165	2165	['774']	1	0.0
2166	2166	['777']	1	1.0
2167	2167	['776']	1	0.0
2168	2168	['771']	1	0.0
2169	2169	['770']	1	1.0
2170	2170	['773']	1	0.0
2171	2171	['772']	1	0.0
2172	2172	['779']	1	1.0
2173	2173	['778']	1	1.0
2174	2174	['77', '1040']	2	1.0
2175	2175	['75', '138']	2	1.0
2176	2176	['75', '350']	2	0.5
2177	2177	['74']	1	1.0
2178	2178	['73', '88']	2	0.0
2179	2179	['72']	1	0.0
2180	2180	['71']	1	1.0
2181	2181	['2972']	1	1.0
2182	2182	['2973', '2971']	2	1.0
2183	2183	['2970']	1	1.0
2184	2184	['2976']	1	1.0
2185	2185	['2977', '2965', '2978', '2969']	4	0.75
2186	2186	['2977', '2968']	2	1.0
2187	2187	['2977', '2963']	2	1.0
2188	2188	['2974']	1	1.0
2189	2189	['3051', '3052', '3045']	3	1.0
2190	2190	['1043']	1	1.0
2191	2191	['1042']	1	1.0
2192	2192	['1041']	1	1.0
2193	2193	['1040', '666']	2	0.5
2194	2194	['1047']	1	1.0
2195	2195	['1044']	1	1.0
2196	2196	['1049', '42']	2	0.0
2197	2197	['1048']	1	1.0
2198	2198	['1681', '1429']	2	0.0
2199	2199	['2983']	1	1.0
2200	2200	['1683']	1	0.0
2201	2201	['1682']	1	0.0
2202	2202	['1685']	1	0.0
2203	2203	['1684']	1	0.0
2204	2204	['1687']	1	1.0
2205	2205	['1686', '2907']	2	0.0
2206	2206	['1689']	1	0.0
2207	2207	['1688']	1	1.0
2208	2208	['3025']	1	1.0
2209	2209	['1269', '1268']	2	0.0
2210	2210	['3024']	1	1.0
2211	2211	['668']	1	0.0
2212	2212	['1263', '1259']	2	0.5
2213	2213	['1263', '2975']	2	1.0
2214	2214	['665', '593']	2	0.0
2215	2215	['662']	1	0.0
2216	2216	['1265']	1	1.0
2217	2217	['3022']	1	1.0
2218	2218	['3287', '605', '584']	3	1.0
2219	2219	['3021']	1	0.0
2220	2220	['3286']	1	0.0
2221	2221	['3020']	1	0.0
2222	2222	['3285']	1	1.0
2223	2223	['3128', '3184']	2	0.5
2224	2224	['1912']	1	0.0
2225	2225	['3120', '446']	2	1.0
2226	2226	['3121']	1	1.0
2227	2227	['3126', '472']	2	0.5
2228	2228	['3127']	1	1.0
2229	2229	['3124']	1	1.0
2230	2230	['1914', '1663']	2	0.5
2231	2231	['1914', '1660']	2	0.5
2232	2232	['1917']	1	0.0
2233	2233	['1465']	1	1.0
2234	2234	['520']	1	0.0
2235	2235	['1916']	1	0.0
2236	2236	['1461']	1	0.0
2237	2237	['1460']	1	0.0
2238	2238	['1463']	1	0.0
2239	2239	['1019', '993']	2	1.0
2240	2240	['1317', '1320']	2	1.0
2241	2241	['1316']	1	1.0
2242	2242	['1315']	1	0.0
2243	2243	['1314']	1	1.0
2244	2244	['1313']	1	0.0
2245	2245	['1312']	1	0.0
2246	2246	['1311', '1063']	2	0.5
2247	2247	['1310']	1	0.0
2248	2248	['3276']	1	1.0
2249	2249	['1319']	1	1.0
2250	2250	['1318']	1	1.0
2251	2251	['767']	1	0.0
2252	2252	['1010']	1	1.0
2253	2253	['1011']	1	0.0
2254	2254	['3123']	1	0.0
2255	2255	['313']	1	0.0
2256	2256	['312']	1	0.0
2257	2257	['311']	1	1.0
2258	2258	['310']	1	0.0
2259	2259	['316']	1	0.0
2260	2260	['315']	1	0.0
2261	2261	['314']	1	0.0
2262	2262	['2756', '2793']	2	0.5
2263	2263	['2757', '2990']	2	0.5
2264	2264	['2754']	1	0.0
2265	2265	['1335']	1	0.0
2266	2266	['2755']	1	0.0
2267	2267	['1334']	1	0.0
2268	2268	['2752']	1	0.0
2269	2269	['1337', '1351']	2	0.0
2270	2270	['2753', '2815']	2	1.0
2271	2271	['2753', '41']	2	1.0
2272	2272	['1336']	1	1.0
2273	2273	['2750']	1	0.0
2274	2274	['2322']	1	0.0
2275	2275	['1331']	1	1.0
2276	2276	['1330']	1	0.0
2277	2277	['2320']	1	0.0
2278	2278	['1333']	1	0.0
2279	2279	['1332']	1	1.0
2280	2280	['2692']	1	0.0
2281	2281	['630']	1	0.0
2282	2282	['2461']	1	0.0
2283	2283	['2299']	1	0.0
2284	2284	['2298']	1	0.0
2285	2285	['2291']	1	0.0
2286	2286	['2297']	1	0.0
2287	2287	['2296']	1	0.0
2288	2288	['2569']	1	1.0
2289	2289	['2561']	1	0.0
2290	2290	['2560', '45']	2	0.0
2291	2291	['2563']	1	0.0
2292	2292	['2562']	1	1.0
2293	2293	['632', '1798']	2	0.0
2294	2294	['2566']	1	1.0
2295	2295	['908']	1	0.0
2296	2296	['2369', '2367']	2	1.0
2297	2297	['2366']	1	1.0
2298	2298	['2365', '2364']	2	1.0
2299	2299	['2363']	1	1.0
2300	2300	['2362']	1	1.0
2301	2301	['2361']	1	1.0
2302	2302	['2360']	1	1.0
2303	2303	['2585']	1	0.0
2304	2304	['2584']	1	1.0
2305	2305	['2583']	1	0.0
2306	2306	['2582']	1	1.0
2307	2307	['2581']	1	0.0
2308	2308	['2580']	1	1.0
2309	2309	['2589']	1	0.0
2310	2310	['1863', '2123']	2	0.0
2311	2311	['1862']	1	0.0
2312	2312	['1867']	1	0.0
2313	2313	['1869', '118']	2	0.5
2314	2314	['1869', '2813']	2	0.5
2315	2315	['1868']	1	1.0
2316	2316	['964', '957']	2	1.0
2317	2317	['965']	1	0.0
2318	2318	['967']	1	0.0
2319	2319	['960']	1	1.0
2320	2320	['961', '957']	2	1.0
2321	2321	['962']	1	1.0
2322	2322	['963']	1	1.0
2323	2323	['968']	1	1.0
2324	2324	['969']	1	1.0
2325	2325	['2109', '2132']	2	0.5
2326	2326	['2108']	1	0.0
2327	2327	['2102']	1	0.0
2328	2328	['2101', '2131', '501']	3	0.333333333333
2329	2329	['2107']	1	0.0
2330	2330	['2105']	1	0.0
2331	2331	['2104']	1	1.0
2332	2332	['2639']	1	0.0
2333	2333	['635']	1	0.0
2334	2334	['2635', '2634']	2	1.0
2335	2335	['2635', '657']	2	0.5
2336	2336	['2637', '1376']	2	0.5
2337	2337	['2636']	1	1.0
2338	2338	['2633']	1	0.0
2339	2339	['641']	1	0.0
2340	2340	['879', '877', '2818', '2813']	4	0.25
2341	2341	['876', '871']	2	1.0
2342	2342	['875']	1	0.0
2343	2343	['2037']	1	1.0
2344	2344	['2036']	1	0.0
2345	2345	['2035']	1	1.0
2346	2346	['2745', '3290']	2	0.0
2347	2347	['2031']	1	1.0
2348	2348	['2030']	1	1.0
2349	2349	['9']	1	1.0
2350	2350	['2038']	1	1.0
2351	2351	['890', '891']	2	1.0
2352	2352	['894']	1	0.0
2353	2353	['895']	1	0.0
2354	2354	['896']	1	0.0
2355	2355	['897']	1	0.0
2356	2356	['898']	1	0.0
2357	2357	['1247']	1	0.0
2358	2358	['3236']	1	0.0
2359	2359	['3234']	1	0.0
2360	2360	['3235']	1	0.0
2361	2361	['1964']	1	1.0
2362	2362	['1965']	1	0.0
2363	2363	['2964']	1	1.0
2364	2364	['768']	1	0.0
2365	2365	['2966']	1	1.0
2366	2366	['2961']	1	0.0
2367	2367	['2960']	1	1.0
2368	2368	['2962']	1	1.0
2369	2369	['1780', '1781']	2	0.0
2370	2370	['1612', '584']	2	1.0
2371	2371	['760']	1	0.0
2372	2372	['764']	1	0.0
2373	2373	['3049', '3043', '3055']	3	0.666666666667
2374	2374	['3048']	1	1.0
2375	2375	['1962']	1	0.0
2376	2376	['3041']	1	1.0
2377	2377	['3040']	1	1.0
2378	2378	['3043', '3047']	2	0.5
2379	2379	['3043', '2661']	2	0.5
2380	2380	['1963', '574']	2	0.5
2381	2381	['3045', '3044']	2	0.5
2382	2382	['3045', '3046']	2	1.0
2383	2383	['3044', '3054']	2	0.0
2384	2384	['3047', '123']	2	0.5
2385	2385	['3047', '3046']	2	1.0
2386	2386	['3046', '1789']	2	0.5
2387	2387	['707']	1	0.0
2388	2388	['1078', '1079']	2	0.5
2389	2389	['1079', '1069']	2	1.0
2390	2390	['1076']	1	0.0
2391	2391	['1077']	1	0.0
2392	2392	['1074']	1	0.0
2393	2393	['1075']	1	0.0
2394	2394	['1072']	1	1.0
2395	2395	['1070', '1084']	2	0.0
2396	2396	['1071', '1031']	2	0.0
2397	2397	['1678']	1	1.0
2398	2398	['1679']	1	1.0
2399	2399	['3030']	1	0.0
2400	2400	['1675']	1	0.0
2401	2401	['1676', '2127']	2	1.0
2402	2402	['1677', '991']	2	0.5
2403	2403	['1671']	1	1.0
2404	2404	['1672']	1	1.0
2405	2405	['1673']	1	1.0
2406	2406	['1094', '1086']	2	1.0
2407	2407	['1095']	1	1.0
2408	2408	['1096']	1	0.0
2409	2409	['1097', '1092', '1063']	3	1.0
2410	2410	['1097', '1092', '1084']	3	0.666666666667
2411	2411	['1090']	1	0.0
2412	2412	['1091', '1092']	2	1.0
2413	2413	['1093']	1	0.0
2414	2414	['674']	1	0.0
2415	2415	['675', '209', '2666', '43']	4	0.25
2416	2416	['675', '2326']	2	0.0
2417	2417	['675', '659']	2	0.5
2418	2418	['676', '117']	2	0.0
2419	2419	['677']	1	0.0
2420	2420	['1098', '1089']	2	0.5
2421	2421	['1099']	1	0.0
2422	2422	['672']	1	0.0
2423	2423	['3135', '3132']	2	1.0
2424	2424	['3134']	1	1.0
2425	2425	['3137', '1594']	2	0.0
2426	2426	['3130']	1	0.0
2427	2427	['3133']	1	1.0
2428	2428	['3139']	1	0.0
2429	2429	['3138']	1	0.0
2430	2430	['1533']	1	0.0
2431	2431	['1418']	1	0.0
2432	2432	['1419']	1	0.0
2433	2433	['1410']	1	0.0
2434	2434	['1411']	1	0.0
2435	2435	['1413']	1	0.0
2436	2436	['1414']	1	0.0
2437	2437	['1415', '1502', '1516']	3	0.0
2438	2438	['1415', '1590']	2	0.0
2439	2439	['1416']	1	0.0
2440	2440	['1417']	1	0.0
2441	2441	['1322']	1	0.0
2442	2442	['1320', '1356']	2	0.5
2443	2443	['644']	1	0.0
2444	2444	['1326']	1	1.0
2445	2445	['1327']	1	1.0
2446	2446	['1324']	1	0.0
2447	2447	['1325']	1	0.0
2448	2448	['1328']	1	0.0
2449	2449	['2494']	1	0.0
2450	2450	['5']	1	1.0
2451	2451	['1531']	1	0.0
2452	2452	['1257']	1	1.0
2453	2453	['1254', '1201']	2	0.0
2454	2454	['1254', '980']	2	0.0
2455	2455	['1254', '2473']	2	0.0
2456	2456	['1254', '283']	2	0.0
2457	2457	['1255']	1	1.0
2458	2458	['1520']	1	0.0
2459	2459	['1250']	1	0.0
2460	2460	['1528']	1	0.0
2461	2461	['1529']	1	0.0
2462	2462	['1258']	1	1.0
2463	2463	['1259', '2177']	2	0.5
2464	2464	['308']	1	0.0
2465	2465	['309', '356']	2	1.0
2466	2466	['309', '123']	2	0.5
2467	2467	['300']	1	1.0
2468	2468	['301', '112']	2	0.5
2469	2469	['302']	1	0.0
2470	2470	['303', '89']	2	1.0
2471	2471	['305']	1	1.0
2472	2472	['306']	1	0.0
2473	2473	['307']	1	0.0
2474	2474	['2254']	1	1.0
2475	2475	['2858']	1	0.0
2476	2476	['2979']	1	1.0
2477	2477	['3340']	1	0.0
2478	2478	['3058']	1	0.0
2479	2479	['3059']	1	0.0
2480	2480	['2475', '939']	2	1.0
2481	2481	['2474']	1	0.0
2482	2482	['3341']	1	1.0
2483	2483	['3204']	1	0.0
2484	2484	['3055', '3050']	2	1.0
2485	2485	['3053']	1	0.0
2486	2486	['3050', '83']	2	1.0
2487	2487	['78']	1	1.0
2488	2488	['2698']	1	1.0
2489	2489	['2479']	1	0.0
2490	2490	['2478', '2487']	2	0.0
2491	2491	['470']	1	0.0
2492	2492	['2950']	1	1.0
2493	2493	['2358']	1	0.0
2494	2494	['2359']	1	0.0
2495	2495	['2352']	1	0.0
2496	2496	['2353']	1	1.0
2497	2497	['2350']	1	1.0
2498	2498	['2351']	1	0.0
2499	2499	['2356']	1	0.0
2500	2500	['2357']	1	1.0
2501	2501	['2354']	1	1.0
2502	2502	['2355']	1	1.0
2503	2503	['2991']	1	1.0
2504	2504	['1898']	1	0.0
2505	2505	['1896', '766']	2	0.0
2506	2506	['1897']	1	0.0
2507	2507	['1891']	1	0.0
2508	2508	['1892']	1	0.0
2509	2509	['1893', '3290']	2	0.0
2510	2510	['959']	1	1.0
2511	2511	['958']	1	0.0
2512	2512	['2134']	1	0.0
2513	2513	['2135']	1	1.0
2514	2514	['2133']	1	0.0
2515	2515	['951']	1	0.0
2516	2516	['950']	1	0.0
2517	2517	['952']	1	0.0
2518	2518	['955']	1	0.0
2519	2519	['956']	1	1.0
2520	2520	['477']	1	1.0
2521	2521	['2648']	1	0.0
2522	2522	['2643']	1	0.0
2523	2523	['2644']	1	0.0
2524	2524	['2645', '2815']	2	1.0
2525	2525	['2646']	1	1.0
2526	2526	['2647']	1	1.0
2527	2527	['2002']	1	1.0
2528	2528	['2003']	1	0.0
2529	2529	['2000']	1	0.0
2530	2530	['2001']	1	0.0
2531	2531	['2006']	1	0.0
2532	2532	['2007']	1	0.0
2533	2533	['2004']	1	0.0
2534	2534	['2005']	1	1.0
2535	2535	['3033', '670']	2	0.5
2536	2536	['2008']	1	1.0
2537	2537	['2009']	1	0.0
2538	2538	['3331']	1	1.0
2539	2539	['2852']	1	1.0
2540	2540	['3026']	1	0.0
2541	2541	['507']	1	0.0
2542	2542	['3197']	1	1.0
2543	2543	['667']	1	0.0
2544	2544	['666', '2800']	2	0.5
2545	2545	['2176', '33']	2	0.0
2546	2546	['504', '1086']	2	0.5
2547	2547	['2911']	1	1.0
2548	2548	['1799', '589']	2	0.0
2549	2549	['1798', '942']	2	0.0
2550	2550	['2914']	1	1.0
2551	2551	['2915']	1	0.0
2552	2552	['719']	1	0.0
2553	2553	['718']	1	0.0
2554	2554	['717', '721']	2	0.0
2555	2555	['1267']	1	0.0
2556	2556	['1790']	1	0.0
2557	2557	['713', '2338']	2	0.5
2558	2558	['712']	1	0.0
2559	2559	['1795', '2075']	2	1.0
2560	2560	['710']	1	1.0
2561	2561	['661']	1	0.0
2562	2562	['716', '700', '658']	3	0.333333333333
2563	2563	['640']	1	0.0
2564	2564	['1264']	1	0.0
2565	2565	['1069', '724']	2	0.5
2566	2566	['1068']	1	0.0
2567	2567	['2179']	1	1.0
2568	2568	['1061', '1082']	2	0.5
2569	2569	['1060']	1	0.0
2570	2570	['1063', '1082']	2	1.0
2571	2571	['1062']	1	1.0
2572	2572	['1065', '1067']	2	0.5
2573	2573	['1064', '1292']	2	1.0
2574	2574	['1066']	1	0.0
2575	2575	['3023']	1	1.0
2576	2576	['1668']	1	0.0
2577	2577	['1667', '1659']	2	0.0
2578	2578	['1666']	1	1.0
2579	2579	['1665']	1	0.0
2580	2580	['1664']	1	0.0
2581	2581	['1662', '126']	2	0.0
2582	2582	['1661', '1660']	2	0.5
2583	2583	['1660', '2901']	2	1.0
2584	2584	['1087']	1	0.0
2585	2585	['592']	1	0.0
2586	2586	['595']	1	0.0
2587	2587	['597']	1	1.0
2588	2588	['596', '563']	2	0.0
2589	2589	['599', '80']	2	0.5
2590	2590	['598', '3290']	2	0.0
2591	2591	['1088']	1	1.0
2592	2592	['3140']	1	0.0
2593	2593	['3141']	1	1.0
2594	2594	['3142']	1	1.0
2595	2595	['3143']	1	1.0
2596	2596	['2829']	1	0.0
2597	2597	['1526', '32']	2	0.5
2598	2598	['2824']	1	0.0
2599	2599	['2825']	1	0.0
2600	2600	['2820']	1	0.0
2601	2601	['2822', '2785']	2	1.0
2602	2602	['2822', '111']	2	0.5
2603	2603	['2822', '2813']	2	1.0
2604	2604	['2822', '2805']	2	0.5
2605	2605	['2823']	1	0.0
2606	2606	['2602']	1	0.0
2607	2607	['1409']	1	1.0
2608	2608	['1408']	1	0.0
2609	2609	['1403']	1	0.0
2610	2610	['1402']	1	0.0
2611	2611	['1400']	1	1.0
2612	2612	['1407', '89']	2	1.0
2613	2613	['1406']	1	1.0
2614	2614	['1405']	1	0.0
2615	2615	['1404']	1	1.0
2616	2616	['1546']	1	0.0
2617	2617	['449', '456', '444']	3	0.666666666667
2618	2618	['1339']	1	1.0
2619	2619	['1547']	1	0.0
2620	2620	['442']	1	0.0
2621	2621	['441']	1	0.0
2622	2622	['440', '444']	2	1.0
2623	2623	['447']	1	0.0
2624	2624	['444', '2127']	2	1.0
2625	2625	['691']	1	0.0
2626	2626	['1542', '122', '89']	3	1.0
2627	2627	['1543']	1	0.0
2628	2628	['3261']	1	1.0
2629	2629	['39']	1	0.0
2630	2630	['1540']	1	0.0
2631	2631	['3260']	1	1.0
2632	2632	['33', '32']	2	0.0
2633	2633	['32', '123']	2	0.0
2634	2634	['32', '1981']	2	0.0
2635	2635	['30']	1	0.0
2636	2636	['36', '43']	2	0.0
2637	2637	['35', '1162', '728']	3	0.0
2638	2638	['34']	1	0.0
2639	2639	['1243']	1	0.0
2640	2640	['1242', '1981']	2	0.0
2641	2641	['1245']	1	1.0
2642	2642	['1244']	1	0.0
2643	2643	['647']	1	0.0
2644	2644	['1246']	1	1.0
2645	2645	['649']	1	0.0
2646	2646	['1248']	1	0.0
2647	2647	['3098']	1	1.0
2648	2648	['3099']	1	0.0
2649	2649	['1539']	1	0.0
2650	2650	['339', '326']	2	1.0
2651	2651	['338']	1	1.0
2652	2652	['334', '333']	2	1.0
2653	2653	['337']	1	1.0
2654	2654	['332']	1	1.0
2655	2655	['3125']	1	1.0
2656	2656	['2118']	1	0.0
2657	2657	['1085', '1084']	2	0.0
2658	2658	['1464']	1	0.0
2659	2659	['1466']	1	1.0
2660	2660	['3200']	1	1.0
2661	2661	['1462']	1	0.0
2662	2662	['1454']	1	0.0
2663	2663	['1991']	1	0.0
2664	2664	['2345']	1	0.0
2665	2665	['2344']	1	1.0
2666	2666	['2347']	1	0.0
2667	2667	['2346']	1	0.0
2668	2668	['2341']	1	1.0
2669	2669	['2343']	1	0.0
2670	2670	['2342']	1	1.0
2671	2671	['2349']	1	0.0
2672	2672	['2348']	1	1.0
2673	2673	['2469', '265', '2410']	3	0.333333333333
2674	2674	['2469', '265', '732']	3	0.333333333333
2675	2675	['1455']	1	0.0
2676	2676	['1350']	1	0.0
2677	2677	['1889', '474']	2	1.0
2678	2678	['1888']	1	1.0
2679	2679	['1885']	1	1.0
2680	2680	['1884']	1	1.0
2681	2681	['1883', '700']	2	0.5
2682	2682	['1882']	1	0.0
2683	2683	['1881']	1	0.0
2684	2684	['2340']	1	1.0
2685	2685	['2121']	1	0.0
2686	2686	['2120']	1	1.0
2687	2687	['2125']	1	0.0
2688	2688	['2124']	1	0.0
2689	2689	['948']	1	0.0
2690	2690	['949']	1	1.0
2691	2691	['946', '2938']	2	0.5
2692	2692	['944']	1	0.0
2693	2693	['940', '939']	2	1.0
2694	2694	['941']	1	0.0
2695	2695	['3038', '3039', '3036']	3	0.333333333333
2696	2696	['3038', '3039', '3037']	3	0.333333333333
2697	2697	['2564']	1	1.0
2698	2698	['2658']	1	1.0
2699	2699	['642', '735']	2	1.0
2700	2700	['642', '737']	2	1.0
2701	2701	['2653']	1	1.0
2702	2702	['2651']	1	1.0
2703	2703	['2650']	1	0.0
2704	2704	['2657']	1	1.0
2705	2705	['2656']	1	1.0
2706	2706	['2655']	1	1.0
2707	2707	['133']	1	0.0
2708	2708	['131', '86']	2	1.0
2709	2709	['130', '80']	2	0.5
2710	2710	['136', '500']	2	0.0
2711	2711	['136', '501']	2	0.0
2712	2712	['139']	1	0.0
2713	2713	['138', '589']	2	0.5
2714	2714	['2019']	1	0.0
2715	2715	['2018']	1	0.0
2716	2716	['2014']	1	0.0
2717	2717	['2017']	1	0.0
2718	2718	['2016']	1	1.0
2719	2719	['2011']	1	0.0
2720	2720	['2010']	1	1.0
2721	2721	['2013']	1	1.0
2722	2722	['2012']	1	1.0
2723	2723	['1591', '1566']	2	1.0
2724	2724	['1793']	1	0.0
2725	2725	['1453']	1	0.0
2726	2726	['2112']	1	0.0
2727	2727	['3000']	1	0.0
2728	2728	['2902']	1	1.0
2729	2729	['2900']	1	1.0
2730	2730	['708', '582']	2	0.0
2731	2731	['709']	1	0.0
2732	2732	['2905']	1	1.0
2733	2733	['3035']	1	0.0
2734	2734	['704', '2070']	2	0.0
2735	2735	['705']	1	0.0
2736	2736	['706']	1	0.0
2737	2737	['2908', '41']	2	0.5
2738	2738	['701']	1	0.0
2739	2739	['702', '763']	2	0.0
2740	2740	['703']	1	1.0
2741	2741	['82']	1	1.0
2742	2742	['87', '2129']	2	1.0
2743	2743	['85']	1	1.0
2744	2744	['762']	1	0.0
2745	2745	['1658']	1	1.0
2746	2746	['1659', '2936']	2	0.0
2747	2747	['1652']	1	1.0
2748	2748	['1653', '1654']	2	0.5
2749	2749	['1650', '1646']	2	0.0
2750	2750	['1651']	1	1.0
2751	2751	['1657']	1	0.0
2752	2752	['586', '576']	2	0.5
2753	2753	['586', '566']	2	1.0
2754	2754	['586', '729']	2	0.5
2755	2755	['587']	1	1.0
2756	2756	['583', '2907']	2	0.0
2757	2757	['580', '264']	2	0.5
2758	2758	['581']	1	0.0
2759	2759	['1984']	1	0.0
2760	2760	['588']	1	0.0
2761	2761	['3153', '3150']	2	1.0
2762	2762	['3152']	1	0.0
2763	2763	['3151']	1	0.0
2764	2764	['3156']	1	1.0
2765	2765	['2839']	1	0.0
2766	2766	['2837']	1	0.0
2767	2767	['1634']	1	1.0
2768	2768	['2835']	1	0.0
2769	2769	['2833']	1	0.0
2770	2770	['2832']	1	0.0
2771	2771	['1436']	1	0.0
2772	2772	['1434']	1	1.0
2773	2773	['1432']	1	0.0
2774	2774	['1430']	1	1.0
2775	2775	['1431']	1	0.0
2776	2776	['1380']	1	0.0
2777	2777	['1637', '1641']	2	1.0
2778	2778	['1438']	1	0.0
2779	2779	['1439']	1	0.0
2780	2780	['1260']	1	0.0
2781	2781	['1349']	1	0.0
2782	2782	['1541']	1	0.0
2783	2783	['1348']	1	0.0
2784	2784	['459']	1	1.0
2785	2785	['450']	1	1.0
2786	2786	['452']	1	0.0
2787	2787	['453']	1	0.0
2788	2788	['1344']	1	0.0
2789	2789	['1345']	1	1.0
2790	2790	['457']	1	0.0
2791	2791	['3032']	1	0.0
2792	2792	['517', '575']	2	0.0
2793	2793	['3263']	1	1.0
2794	2794	['79']	1	1.0
2795	2795	['1266']	1	1.0
2796	2796	['654', '268']	2	1.0
2797	2797	['655']	1	0.0
2798	2798	['1507']	1	1.0
2799	2799	['650']	1	0.0
2800	2800	['3085']	1	0.0
2801	2801	['3084']	1	1.0
2802	2802	['1508']	1	0.0
2803	2803	['1509']	1	0.0
2804	2804	['3080']	1	0.0
2805	2805	['658', '568']	2	1.0
2806	2806	['658', '738']	2	1.0
2807	2807	['3082']	1	0.0
2808	2808	['1992']	1	0.0
2809	2809	['2127', '263']	2	0.5
2810	2810	['2126']	1	0.0
2811	2811	['2814']	1	0.0
2812	2812	['1376', '1389']	2	0.5
2813	2813	['1081']	1	0.0
2814	2814	['322']	1	0.0
2815	2815	['323']	1	0.0
2816	2816	['320']	1	1.0
2817	2817	['321', '351']	2	0.5
2818	2818	['324']	1	0.0
2819	2819	['325']	1	1.0
2820	2820	['328']	1	1.0
2821	2821	['329']	1	0.0
2822	2822	['758']	1	0.0
2823	2823	['2819']	1	0.0
2824	2824	['1340']	1	0.0
2825	2825	['2330']	1	0.0
2826	2826	['2331']	1	0.0
2827	2827	['2332']	1	0.0
2828	2828	['2333']	1	0.0
2829	2829	['2334']	1	0.0
2830	2830	['2335']	1	0.0
2831	2831	['2336']	1	0.0
2832	2832	['2339']	1	1.0
2833	2833	['1341']	1	1.0
2834	2834	['3072']	1	0.0
2835	2835	['1995']	1	1.0
2836	2836	['3074']	1	0.0
2837	2837	['3075']	1	1.0
2838	2838	['3076']	1	0.0
2839	2839	['3079']	1	0.0
2840	2840	['2488']	1	0.0
2841	2841	['2489']	1	1.0
2842	2842	['2487', '2483']	2	0.5
2843	2843	['2484']	1	0.0
2844	2844	['2485']	1	0.0
2845	2845	['2482']	1	1.0
2846	2846	['2480']	1	0.0
2847	2847	['1598']	1	0.0
2848	2848	['3252']	1	1.0
2849	2849	['2248']	1	0.0
2850	2850	['2249']	1	0.0
2851	2851	['2652']	1	0.0
2852	2852	['2244']	1	0.0
2853	2853	['2246']	1	0.0
2854	2854	['2247']	1	0.0
2855	2855	['2240']	1	0.0
2856	2856	['2241', '500']	2	0.0
2857	2857	['2242']	1	0.0
2858	2858	['2243']	1	0.0
2859	2859	['994']	1	0.0
2860	2860	['997']	1	1.0
2861	2861	['996']	1	1.0
2862	2862	['992']	1	1.0
2863	2863	['999']	1	1.0
2864	2864	['998']	1	1.0
2865	2865	['120']	1	0.0
2866	2866	['123', '2659']	2	0.0
2867	2867	['127', '114']	2	0.0
2868	2868	['128']	1	0.0
2869	2869	['129']	1	0.0
2870	2870	['2654']	1	1.0
2871	2871	['2069']	1	1.0
2872	2872	['2798', '2789']	2	0.0
2873	2873	['2792']	1	0.0
2874	2874	['2064']	1	0.0
2875	2875	['2065']	1	0.0
2876	2876	['2066']	1	0.0
2877	2877	['2067']	1	0.0
2878	2878	['1849']	1	0.0
2879	2879	['3255']	1	1.0
2880	2880	['3256']	1	0.0
2881	2881	['2664']	1	0.0
2882	2882	['2665']	1	1.0
2883	2883	['2662']	1	0.0
2884	2884	['2663']	1	0.0
2885	2885	['2939']	1	0.0
2886	2886	['2936', '3221']	2	0.0
2887	2887	['3257']	1	0.0
2888	2888	['2934']	1	1.0
2889	2889	['2935']	1	0.0
2890	2890	['2932']	1	1.0
2891	2891	['2933']	1	0.0
2892	2892	['2930']	1	1.0
2893	2893	['1645']	1	1.0
2894	2894	['1644']	1	0.0
2895	2895	['1647']	1	1.0
2896	2896	['1640']	1	0.0
2897	2897	['1642', '2673']	2	1.0
2898	2898	['1648']	1	1.0
2899	2899	['1742']	1	0.0
2900	2900	['1743']	1	0.0
2901	2901	['1252']	1	0.0
2902	2902	['605', '2924', '566']	3	0.666666666667
2903	2903	['579']	1	0.0
2904	2904	['578']	1	0.0
2905	2905	['573']	1	0.0
2906	2906	['572']	1	0.0
2907	2907	['571']	1	0.0
2908	2908	['574', '117']	2	0.0
2909	2909	['574', '626']	2	0.0
2910	2910	['2808']	1	0.0
2911	2911	['2809']	1	0.0
2912	2912	['3168']	1	1.0
2913	2913	['3169']	1	1.0
2914	2914	['2802']	1	0.0
2915	2915	['2803']	1	0.0
2916	2916	['2800', '2813']	2	1.0
2917	2917	['2806']	1	0.0
2918	2918	['2807']	1	0.0
2919	2919	['2804']	1	0.0
2920	2920	['1421']	1	0.0
2921	2921	['1420']	1	0.0
2922	2922	['1423']	1	0.0
2923	2923	['1422']	1	1.0
2924	2924	['1425']	1	1.0
2925	2925	['1424']	1	1.0
2926	2926	['1427']	1	0.0
2927	2927	['1428']	1	0.0
2928	2928	['730']	1	0.0
2929	2929	['733']	1	0.0
2930	2930	['735', '739']	2	0.5
2931	2931	['734']	1	0.0
2932	2932	['737', '118']	2	1.0
2933	2933	['736']	1	1.0
2934	2934	['739', '2473']	2	0.0
2935	2935	['2403']	1	0.0
2936	2936	['1358']	1	0.0
2937	2937	['468', '479']	2	0.0
2938	2938	['1353']	1	0.0
2939	2939	['1351', '1356']	2	0.0
2940	2940	['466']	1	1.0
2941	2941	['461']	1	0.0
2942	2942	['462']	1	0.0
2943	2943	['1273']	1	0.0
2944	2944	['2158']	1	1.0
2945	2945	['2159']	1	1.0
2946	2946	['1519']	1	0.0
2947	2947	['1518']	1	0.0
2948	2948	['1515']	1	0.0
2949	2949	['1514']	1	0.0
2950	2950	['1517']	1	0.0
2951	2951	['1511']	1	0.0
2952	2952	['1512']	1	0.0
2953	2953	['3031']	1	0.0
2954	2954	['1275']	1	0.0
2955	2955	['1004']	1	1.0
2956	2956	['3185']	1	0.0
2957	2957	['3186', '3304']	2	1.0
2958	2958	['3187']	1	1.0
2959	2959	['3180']	1	0.0
2960	2960	['3181']	1	0.0
2961	2961	['3182']	1	1.0
2962	2962	['3183']	1	0.0
2963	2963	['3189', '3304']	2	1.0
2964	2964	['3214']	1	1.0
2965	2965	['3201']	1	1.0
2966	2966	['357']	1	0.0
2967	2967	['355']	1	1.0
2968	2968	['354']	1	1.0
2969	2969	['353']	1	1.0
2970	2970	['352', '351']	2	1.0
2971	2971	['359']	1	0.0
2972	2972	['358']	1	1.0
2973	2973	['1033']	1	0.0
2974	2974	['2323']	1	0.0
2975	2975	['2321']	1	0.0
2976	2976	['2327']	1	0.0
2977	2977	['2325']	1	1.0
2978	2978	['1446']	1	0.0
2979	2979	['2329']	1	0.0
2980	2980	['2328']	1	0.0
2981	2981	['1445']	1	0.0
2982	2982	['484']	1	0.0
2983	2983	['289']	1	0.0
2984	2984	['288']	1	1.0
2985	2985	['2830']	1	0.0
2986	2986	['281']	1	0.0
2987	2987	['280']	1	1.0
2988	2988	['282']	1	0.0
2989	2989	['285']	1	1.0
2990	2990	['287', '1291']	2	0.5
2991	2991	['287', '567']	2	1.0
2992	2992	['1116']	1	1.0
2993	2993	['1560']	1	0.0
2994	2994	['267', '670']	2	0.5
2995	2995	['267', '266']	2	1.0
2996	2996	['286']	1	1.0
2997	2997	['268', '1567']	2	1.0
2998	2998	['1562']	1	0.0
2999	2999	['2499']	1	0.0
3000	3000	['2498']	1	0.0
3001	3001	['1563']	1	0.0
3002	3002	['2491']	1	0.0
3003	3003	['2490']	1	0.0
3004	3004	['2493']	1	0.0
3005	3005	['2492']	1	1.0
3006	3006	['2495']	1	1.0
3007	3007	['258']	1	0.0
3008	3008	['2496']	1	0.0
3009	3009	['2193']	1	0.0
3010	3010	['2259']	1	0.0
3011	3011	['2257']	1	1.0
3012	3012	['2256']	1	0.0
3013	3013	['2255']	1	0.0
3014	3014	['1295']	1	1.0
3015	3015	['2253']	1	1.0
3016	3016	['2252']	1	0.0
3017	3017	['2251']	1	1.0
3018	3018	['2250']	1	0.0
3019	3019	['2476']	1	1.0
3020	3020	['988']	1	1.0
3021	3021	['989']	1	1.0
3022	3022	['2473', '478']	2	0.0
3023	3023	['2472']	1	0.0
3024	3024	['2470']	1	1.0
3025	3025	['982']	1	0.0
3026	3026	['980', '981']	2	0.0
3027	3027	['984']	1	0.0
3028	3028	['985']	1	0.0
3029	3029	['116']	1	0.0
3030	3030	['110']	1	0.0
3031	3031	['113']	1	0.0
3032	3032	['3244']	1	0.0
3033	3033	['2784']	1	0.0
3034	3034	['2787']	1	0.0
3035	3035	['2781']	1	0.0
3036	3036	['2783']	1	0.0
3037	3037	['2782']	1	1.0
3038	3038	['1797']	1	1.0
3039	3039	['2079']	1	0.0
3040	3040	['2078']	1	0.0
3041	3041	['2073']	1	0.0
3042	3042	['2072']	1	1.0
3043	3043	['2077']	1	0.0
3044	3044	['2076']	1	0.0
3045	3045	['2074']	1	0.0
3046	3046	['1388']	1	0.0
3047	3047	['2671']	1	1.0
3048	3048	['2670']	1	1.0
3049	3049	['2672']	1	0.0
3050	3050	['2675']	1	1.0
3051	3051	['2674']	1	1.0
3052	3052	['2677']	1	0.0
3053	3053	['2679']	1	1.0
3054	3054	['8']	1	1.0
3055	3055	['3220']	1	0.0
3056	3056	['2929']	1	1.0
3057	3057	['2928']	1	1.0
3058	3058	['2921']	1	1.0
3059	3059	['2920']	1	1.0
3060	3060	['2923']	1	1.0
3061	3061	['2927']	1	0.0
3062	3062	['2926']	1	1.0
3063	3063	['2906']	1	1.0
3064	3064	['1630']	1	0.0
3065	3065	['1633']	1	0.0
3066	3066	['1982']	1	0.0
3067	3067	['1635']	1	0.0
3068	3068	['1980']	1	0.0
3069	3069	['1638']	1	1.0
3070	3070	['1639']	1	1.0
3071	3071	['3218']	1	0.0
3072	3072	['3219']	1	0.0
3073	3073	['1988']	1	0.0
3074	3074	['2909']	1	0.0
3075	3075	['569']	1	0.0
3076	3076	['2817']	1	0.0
3077	3077	['2816']	1	0.0
3078	3078	['2810']	1	0.0
3079	3079	['560']	1	0.0
3080	3080	['561']	1	0.0
3081	3081	['565']	1	0.0
3082	3082	['3179']	1	0.0
3083	3083	['3178']	1	0.0
3084	3084	['3171']	1	0.0
3085	3085	['3170']	1	0.0
3086	3086	['3172']	1	0.0
3087	3087	['3175']	1	0.0
3088	3088	['3174']	1	1.0
3089	3089	['3177']	1	1.0
3090	3090	['3176']	1	0.0
3091	3091	['1188']	1	0.0
3092	3092	['1186']	1	0.0
3093	3093	['1187']	1	0.0
3094	3094	['1185']	1	0.0
3095	3095	['1182']	1	1.0
3096	3096	['1183']	1	0.0
3097	3097	['1180']	1	1.0
3098	3098	['1181']	1	0.0
3099	3099	['726']	1	0.0
3100	3100	['722', '474']	2	0.5
3101	3101	['720']	1	0.0
3102	3102	['1744']	1	0.0
3103	3103	['1745']	1	0.0
3104	3104	['1746']	1	1.0
3105	3105	['1747']	1	1.0
3106	3106	['1740']	1	0.0
3107	3107	['1165']	1	0.0
3108	3108	['1166']	1	0.0
3109	3109	['1614']	1	1.0
3110	3110	['1161']	1	0.0
3111	3111	['1163']	1	0.0
3112	3112	['3309']	1	0.0
3113	3113	['1168']	1	1.0
3114	3114	['1169']	1	0.0
3115	3115	['3092']	1	1.0
3116	3116	['1366']	1	1.0
3117	3117	['2913']	1	0.0
3118	3118	['3305']	1	1.0
3119	3119	['48']	1	0.0
3120	3120	['49']	1	0.0
3121	3121	['46']	1	0.0
3122	3122	['47']	1	0.0
3123	3123	['44', '255']	2	0.5
3124	3124	['3195']	1	0.0
3125	3125	['1568']	1	0.0
3126	3126	['1299']	1	0.0
3127	3127	['1788']	1	0.0
3128	3128	['1293']	1	0.0
3129	3129	['1290']	1	0.0
3130	3130	['1296']	1	0.0
3131	3131	['1297']	1	0.0
3132	3132	['1712']	1	0.0
3133	3133	['1361']	1	1.0
3134	3134	['1381']	1	0.0
3135	3135	['1710']	1	1.0
3136	3136	['1997']	1	1.0
3137	3137	['1717']	1	0.0
3138	3138	['1716']	1	1.0
3139	3139	['590', '500']	2	0.0
3140	3140	['1714']	1	0.0
3141	3141	['1364']	1	1.0
3142	3142	['1365']	1	1.0
3143	3143	['476']	1	1.0
3144	3144	['1360']	1	1.0
3145	3145	['2916']	1	0.0
3146	3146	['1368']	1	0.0
3147	3147	['1369']	1	0.0
